,FAC_NAME,FAC_LAT,FAC_LONG,DFR_URL,REGISTRY_ID,REPORTING_YEAR,PGM_SYS_ACRNM,PGM_SYS_ID,POLLUTANT_NAME,ANNUAL_EMISSION,UNIT_OF_MEASURE,NEI_TYPE,NEI_HAP_VOC_FLAG
0,JEA WATERSHED,30.329906,-81.657815,http://echo.epa.gov/detailed-facility-report?fid=110039139410,110039139410,2013,E-GGRT,1004443,Sulfur hexafluoride,9726.48,MTCO2e,,
1,JEA WATERSHED,30.329906,-81.657815,http://echo.epa.gov/detailed-facility-report?fid=110039139410,110039139410,2011,E-GGRT,1004443,Sulfur hexafluoride,5273.64,MTCO2e,,
2,JEA WATERSHED,30.329906,-81.657815,http://echo.epa.gov/detailed-facility-report?fid=110039139410,110039139410,2012,E-GGRT,1004443,Sulfur hexafluoride,2106.72,MTCO2e,,
3,JEA WATERSHED,30.329906,-81.657815,http://echo.epa.gov/detailed-facility-report?fid=110039139410,110039139410,2014,E-GGRT,1004443,Sulfur hexafluoride,7505.76,MTCO2e,,
4,RENESSENZ LLC JACKSONVILLE,30.380131,-81.664313,http://echo.epa.gov/detailed-facility-report?fid=110000361965,110000361965,2018,E-GGRT,1007064,Methane,30.5,MTCO2e,,
5,RENESSENZ LLC JACKSONVILLE,30.380131,-81.664313,http://echo.epa.gov/detailed-facility-report?fid=110000361965,110000361965,2016,E-GGRT,1007064,Nitrous oxide,62.58,MTCO2e,,
6,RENESSENZ LLC JACKSONVILLE,30.380131,-81.664313,http://echo.epa.gov/detailed-facility-report?fid=110000361965,110000361965,2014,E-GGRT,1007064,Methane,19.0,MTCO2e,,
7,RENESSENZ LLC JACKSONVILLE,30.380131,-81.664313,http://echo.epa.gov/detailed-facility-report?fid=110000361965,110000361965,2016,E-GGRT,1007064,Carbon dioxide,19769.5,MTCO2e,,
8,RENESSENZ LLC JACKSONVILLE,30.380131,-81.664313,http://echo.epa.gov/detailed-facility-report?fid=110000361965,110000361965,2015,E-GGRT,1007064,Carbon dioxide,21123.0,MTCO2e,,
9,RENESSENZ LLC JACKSONVILLE,30.380131,-81.664313,http://echo.epa.gov/detailed-facility-report?fid=110000361965,110000361965,2015,E-GGRT,1007064,Nitrous oxide,66.752,MTCO2e,,
10,RENESSENZ LLC JACKSONVILLE,30.380131,-81.664313,http://echo.epa.gov/detailed-facility-report?fid=110000361965,110000361965,2013,E-GGRT,1007064,Methane,18.0,MTCO2e,,
11,RENESSENZ LLC JACKSONVILLE,30.380131,-81.664313,http://echo.epa.gov/detailed-facility-report?fid=110000361965,110000361965,2013,E-GGRT,1007064,Carbon dioxide,33242.0,MTCO2e,,
12,RENESSENZ LLC JACKSONVILLE,30.380131,-81.664313,http://echo.epa.gov/detailed-facility-report?fid=110000361965,110000361965,2018,E-GGRT,1007064,Nitrous oxide,56.024,MTCO2e,,
13,RENESSENZ LLC JACKSONVILLE,30.380131,-81.664313,http://echo.epa.gov/detailed-facility-report?fid=110000361965,110000361965,2018,E-GGRT,1007064,Carbon dioxide,29034.2,MTCO2e,,
14,RENESSENZ LLC JACKSONVILLE,30.380131,-81.664313,http://echo.epa.gov/detailed-facility-report?fid=110000361965,110000361965,2015,E-GGRT,1007064,Methane,35.0,MTCO2e,,
15,RENESSENZ LLC JACKSONVILLE,30.380131,-81.664313,http://echo.epa.gov/detailed-facility-report?fid=110000361965,110000361965,2016,E-GGRT,1007064,Methane,32.75,MTCO2e,,
16,RENESSENZ LLC JACKSONVILLE,30.380131,-81.664313,http://echo.epa.gov/detailed-facility-report?fid=110000361965,110000361965,2015,E-GGRT,1007064,Carbon dioxide,29700.7,MTCO2e,,
17,RENESSENZ LLC JACKSONVILLE,30.380131,-81.664313,http://echo.epa.gov/detailed-facility-report?fid=110000361965,110000361965,2013,E-GGRT,1007064,Nitrous oxide,24.138,MTCO2e,,
18,RENESSENZ LLC JACKSONVILLE,30.380131,-81.664313,http://echo.epa.gov/detailed-facility-report?fid=110000361965,110000361965,2014,E-GGRT,1007064,Nitrous oxide,25.032,MTCO2e,,
19,RENESSENZ LLC JACKSONVILLE,30.380131,-81.664313,http://echo.epa.gov/detailed-facility-report?fid=110000361965,110000361965,2017,E-GGRT,1007064,Nitrous oxide,59.004,MTCO2e,,
20,RENESSENZ LLC JACKSONVILLE,30.380131,-81.664313,http://echo.epa.gov/detailed-facility-report?fid=110000361965,110000361965,2018,E-GGRT,1007064,Carbon dioxide,16708.6,MTCO2e,,
21,RENESSENZ LLC JACKSONVILLE,30.380131,-81.664313,http://echo.epa.gov/detailed-facility-report?fid=110000361965,110000361965,2017,E-GGRT,1007064,Methane,31.25,MTCO2e,,
22,RENESSENZ LLC JACKSONVILLE,30.380131,-81.664313,http://echo.epa.gov/detailed-facility-report?fid=110000361965,110000361965,2014,E-GGRT,1007064,Carbon dioxide,1960.0,MTCO2e,,
23,RENESSENZ LLC JACKSONVILLE,30.380131,-81.664313,http://echo.epa.gov/detailed-facility-report?fid=110000361965,110000361965,2017,E-GGRT,1007064,Carbon dioxide,18457.0,MTCO2e,,
24,RENESSENZ LLC JACKSONVILLE,30.380131,-81.664313,http://echo.epa.gov/detailed-facility-report?fid=110000361965,110000361965,2017,E-GGRT,1007064,Carbon dioxide,27370.7,MTCO2e,,
25,RENESSENZ LLC JACKSONVILLE,30.380131,-81.664313,http://echo.epa.gov/detailed-facility-report?fid=110000361965,110000361965,2016,E-GGRT,1007064,Carbon dioxide,27554.5,MTCO2e,,
26,RENESSENZ LLC JACKSONVILLE,30.380131,-81.664313,http://echo.epa.gov/detailed-facility-report?fid=110000361965,110000361965,2014,E-GGRT,1007064,Carbon dioxide,35877.9,MTCO2e,,
27,RENESSENZ LLC JACKSONVILLE,30.380131,-81.664313,http://echo.epa.gov/detailed-facility-report?fid=110000361965,110000361965,2013,E-GGRT,1007064,Carbon dioxide,2248.0,MTCO2e,,
28,LAFARGE NORTH AMERICA,29.744193,-81.642583,http://echo.epa.gov/detailed-facility-report?fid=110039204152,110039204152,2011,E-GGRT,1002012,Methane,27.0,MTCO2e,,
29,LAFARGE NORTH AMERICA,29.744193,-81.642583,http://echo.epa.gov/detailed-facility-report?fid=110039204152,110039204152,2015,E-GGRT,1002012,Methane,36.5,MTCO2e,,
30,LAFARGE NORTH AMERICA,29.744193,-81.642583,http://echo.epa.gov/detailed-facility-report?fid=110039204152,110039204152,2015,E-GGRT,1002012,Carbon dioxide,77271.0,MTCO2e,,
31,LAFARGE NORTH AMERICA,29.744193,-81.642583,http://echo.epa.gov/detailed-facility-report?fid=110039204152,110039204152,2012,E-GGRT,1002012,Nitrous oxide,36.356,MTCO2e,,
32,LAFARGE NORTH AMERICA,29.744193,-81.642583,http://echo.epa.gov/detailed-facility-report?fid=110039204152,110039204152,2010,E-GGRT,1002012,Carbon dioxide,54067.5,MTCO2e,,
33,LAFARGE NORTH AMERICA,29.744193,-81.642583,http://echo.epa.gov/detailed-facility-report?fid=110039204152,110039204152,2014,E-GGRT,1002012,Carbon dioxide,76862.3,MTCO2e,,
34,LAFARGE NORTH AMERICA,29.744193,-81.642583,http://echo.epa.gov/detailed-facility-report?fid=110039204152,110039204152,2012,E-GGRT,1002012,Methane,30.5,MTCO2e,,
35,LAFARGE NORTH AMERICA,29.744193,-81.642583,http://echo.epa.gov/detailed-facility-report?fid=110039204152,110039204152,2016,E-GGRT,1002012,Methane,43.0,MTCO2e,,
36,LAFARGE NORTH AMERICA,29.744193,-81.642583,http://echo.epa.gov/detailed-facility-report?fid=110039204152,110039204152,2018,E-GGRT,1002012,Methane,48.25,MTCO2e,,
37,LAFARGE NORTH AMERICA,29.744193,-81.642583,http://echo.epa.gov/detailed-facility-report?fid=110039204152,110039204152,2018,E-GGRT,1002012,Carbon dioxide,102382.1,MTCO2e,,
38,LAFARGE NORTH AMERICA,29.744193,-81.642583,http://echo.epa.gov/detailed-facility-report?fid=110039204152,110039204152,2017,E-GGRT,1002012,Carbon dioxide,95323.7,MTCO2e,,
39,LAFARGE NORTH AMERICA,29.744193,-81.642583,http://echo.epa.gov/detailed-facility-report?fid=110039204152,110039204152,2010,E-GGRT,1002012,Nitrous oxide,30.396,MTCO2e,,
40,LAFARGE NORTH AMERICA,29.744193,-81.642583,http://echo.epa.gov/detailed-facility-report?fid=110039204152,110039204152,2013,E-GGRT,1002012,Carbon dioxide,74850.1,MTCO2e,,
41,LAFARGE NORTH AMERICA,29.744193,-81.642583,http://echo.epa.gov/detailed-facility-report?fid=110039204152,110039204152,2012,E-GGRT,1002012,Carbon dioxide,64911.0,MTCO2e,,
42,GAINESVILLE REGIONAL UTILITIES J R KELLY GENERATING STATION,29.646887,-82.32092,http://echo.epa.gov/detailed-facility-report?fid=110001736925,110001736925,2017,E-GGRT,1001496,Carbon dioxide,243651.5,MTCO2e,,
43,GAINESVILLE REGIONAL UTILITIES J R KELLY GENERATING STATION,29.646887,-82.32092,http://echo.epa.gov/detailed-facility-report?fid=110001736925,110001736925,2010,E-GGRT,1001496,Nitrous oxide,76.288,MTCO2e,,
44,GAINESVILLE REGIONAL UTILITIES J R KELLY GENERATING STATION,29.646887,-82.32092,http://echo.epa.gov/detailed-facility-report?fid=110001736925,110001736925,2016,E-GGRT,1001496,Nitrous oxide,194.892,MTCO2e,,
45,GAINESVILLE REGIONAL UTILITIES J R KELLY GENERATING STATION,29.646887,-82.32092,http://echo.epa.gov/detailed-facility-report?fid=110001736925,110001736925,2010,E-GGRT,1001496,Methane,61.5,MTCO2e,,
46,GAINESVILLE REGIONAL UTILITIES J R KELLY GENERATING STATION,29.646887,-82.32092,http://echo.epa.gov/detailed-facility-report?fid=110001736925,110001736925,2012,E-GGRT,1001496,Nitrous oxide,134.1,MTCO2e,,
47,GAINESVILLE REGIONAL UTILITIES J R KELLY GENERATING STATION,29.646887,-82.32092,http://echo.epa.gov/detailed-facility-report?fid=110001736925,110001736925,2018,E-GGRT,1001496,Nitrous oxide,160.026,MTCO2e,,
48,GAINESVILLE REGIONAL UTILITIES J R KELLY GENERATING STATION,29.646887,-82.32092,http://echo.epa.gov/detailed-facility-report?fid=110001736925,110001736925,2014,E-GGRT,1001496,Nitrous oxide,66.752,MTCO2e,,
49,GAINESVILLE REGIONAL UTILITIES J R KELLY GENERATING STATION,29.646887,-82.32092,http://echo.epa.gov/detailed-facility-report?fid=110001736925,110001736925,2011,E-GGRT,1001496,Nitrous oxide,68.83800000000001,MTCO2e,,
50,GAINESVILLE REGIONAL UTILITIES J R KELLY GENERATING STATION,29.646887,-82.32092,http://echo.epa.gov/detailed-facility-report?fid=110001736925,110001736925,2012,E-GGRT,1001496,Methane,112.5,MTCO2e,,
51,GAINESVILLE REGIONAL UTILITIES J R KELLY GENERATING STATION,29.646887,-82.32092,http://echo.epa.gov/detailed-facility-report?fid=110001736925,110001736925,2011,E-GGRT,1001496,Carbon dioxide,124134.4,MTCO2e,,
52,GAINESVILLE REGIONAL UTILITIES J R KELLY GENERATING STATION,29.646887,-82.32092,http://echo.epa.gov/detailed-facility-report?fid=110001736925,110001736925,2014,E-GGRT,1001496,Methane,55.75,MTCO2e,,
53,GAINESVILLE REGIONAL UTILITIES J R KELLY GENERATING STATION,29.646887,-82.32092,http://echo.epa.gov/detailed-facility-report?fid=110001736925,110001736925,2018,E-GGRT,1001496,Carbon dioxide,289595.0,MTCO2e,,
54,GAINESVILLE REGIONAL UTILITIES J R KELLY GENERATING STATION,29.646887,-82.32092,http://echo.epa.gov/detailed-facility-report?fid=110001736925,110001736925,2013,E-GGRT,1001496,Carbon dioxide,220194.1,MTCO2e,,
55,GAINESVILLE REGIONAL UTILITIES J R KELLY GENERATING STATION,29.646887,-82.32092,http://echo.epa.gov/detailed-facility-report?fid=110001736925,110001736925,2013,E-GGRT,1001496,Nitrous oxide,121.882,MTCO2e,,
56,GAINESVILLE REGIONAL UTILITIES J R KELLY GENERATING STATION,29.646887,-82.32092,http://echo.epa.gov/detailed-facility-report?fid=110001736925,110001736925,2010,E-GGRT,1001496,Carbon dioxide,128849.4,MTCO2e,,
57,GAINESVILLE REGIONAL UTILITIES J R KELLY GENERATING STATION,29.646887,-82.32092,http://echo.epa.gov/detailed-facility-report?fid=110001736925,110001736925,2015,E-GGRT,1001496,Carbon dioxide,241200.2,MTCO2e,,
58,LAFARGE NORTH AMERICA,29.744193,-81.642583,http://echo.epa.gov/detailed-facility-report?fid=110039204152,110039204152,2013,E-GGRT,1002012,Nitrous oxide,42.018,MTCO2e,,
59,LAFARGE NORTH AMERICA,29.744193,-81.642583,http://echo.epa.gov/detailed-facility-report?fid=110039204152,110039204152,2017,E-GGRT,1002012,Nitrous oxide,53.64,MTCO2e,,
60,LAFARGE NORTH AMERICA,29.744193,-81.642583,http://echo.epa.gov/detailed-facility-report?fid=110039204152,110039204152,2016,E-GGRT,1002012,Carbon dioxide,91325.8,MTCO2e,,
61,LAFARGE NORTH AMERICA,29.744193,-81.642583,http://echo.epa.gov/detailed-facility-report?fid=110039204152,110039204152,2014,E-GGRT,1002012,Methane,36.25,MTCO2e,,
62,LAFARGE NORTH AMERICA,29.744193,-81.642583,http://echo.epa.gov/detailed-facility-report?fid=110039204152,110039204152,2011,E-GGRT,1002012,Carbon dioxide,57377.9,MTCO2e,,
63,LAFARGE NORTH AMERICA,29.744193,-81.642583,http://echo.epa.gov/detailed-facility-report?fid=110039204152,110039204152,2016,E-GGRT,1002012,Nitrous oxide,51.256,MTCO2e,,
64,LAFARGE NORTH AMERICA,29.744193,-81.642583,http://echo.epa.gov/detailed-facility-report?fid=110039204152,110039204152,2018,E-GGRT,1002012,Nitrous oxide,57.514,MTCO2e,,
65,LAFARGE NORTH AMERICA,29.744193,-81.642583,http://echo.epa.gov/detailed-facility-report?fid=110039204152,110039204152,2017,E-GGRT,1002012,Methane,45.0,MTCO2e,,
66,LAFARGE NORTH AMERICA,29.744193,-81.642583,http://echo.epa.gov/detailed-facility-report?fid=110039204152,110039204152,2015,E-GGRT,1002012,Nitrous oxide,43.508,MTCO2e,,
67,LAFARGE NORTH AMERICA,29.744193,-81.642583,http://echo.epa.gov/detailed-facility-report?fid=110039204152,110039204152,2010,E-GGRT,1002012,Methane,25.5,MTCO2e,,
68,LAFARGE NORTH AMERICA,29.744193,-81.642583,http://echo.epa.gov/detailed-facility-report?fid=110039204152,110039204152,2013,E-GGRT,1002012,Methane,35.25,MTCO2e,,
69,LAFARGE NORTH AMERICA,29.744193,-81.642583,http://echo.epa.gov/detailed-facility-report?fid=110039204152,110039204152,2014,E-GGRT,1002012,Nitrous oxide,43.21,MTCO2e,,
70,LAFARGE NORTH AMERICA,29.744193,-81.642583,http://echo.epa.gov/detailed-facility-report?fid=110039204152,110039204152,2011,E-GGRT,1002012,Nitrous oxide,32.184,MTCO2e,,
71,IFF CHEMICAL HOLDINGS INC,30.34774,-81.7494,http://echo.epa.gov/detailed-facility-report?fid=110000361830,110000361830,2013,E-GGRT,1007956,Carbon dioxide,32040.1,MTCO2e,,
72,IFF CHEMICAL HOLDINGS INC,30.34774,-81.7494,http://echo.epa.gov/detailed-facility-report?fid=110000361830,110000361830,2014,E-GGRT,1007956,Carbon dioxide,5478.0,MTCO2e,,
73,IFF CHEMICAL HOLDINGS INC,30.34774,-81.7494,http://echo.epa.gov/detailed-facility-report?fid=110000361830,110000361830,2016,E-GGRT,1007956,Carbon dioxide,40280.7,MTCO2e,,
74,IFF CHEMICAL HOLDINGS INC,30.34774,-81.7494,http://echo.epa.gov/detailed-facility-report?fid=110000361830,110000361830,2012,E-GGRT,1007956,Carbon dioxide,6620.0,MTCO2e,,
75,IFF CHEMICAL HOLDINGS INC,30.34774,-81.7494,http://echo.epa.gov/detailed-facility-report?fid=110000361830,110000361830,2012,E-GGRT,1007956,Methane,16.25,MTCO2e,,
76,IFF CHEMICAL HOLDINGS INC,30.34774,-81.7494,http://echo.epa.gov/detailed-facility-report?fid=110000361830,110000361830,2015,E-GGRT,1007956,Methane,23.25,MTCO2e,,
77,IFF CHEMICAL HOLDINGS INC,30.34774,-81.7494,http://echo.epa.gov/detailed-facility-report?fid=110000361830,110000361830,2013,E-GGRT,1007956,Methane,14.5,MTCO2e,,
78,IFF CHEMICAL HOLDINGS INC,30.34774,-81.7494,http://echo.epa.gov/detailed-facility-report?fid=110000361830,110000361830,2018,E-GGRT,1007956,Methane,24.75,MTCO2e,,
79,IFF CHEMICAL HOLDINGS INC,30.34774,-81.7494,http://echo.epa.gov/detailed-facility-report?fid=110000361830,110000361830,2011,E-GGRT,1007956,Carbon dioxide,28726.8,MTCO2e,,
80,IFF CHEMICAL HOLDINGS INC,30.34774,-81.7494,http://echo.epa.gov/detailed-facility-report?fid=110000361830,110000361830,2017,E-GGRT,1007956,Nitrous oxide,43.806,MTCO2e,,
81,IFF CHEMICAL HOLDINGS INC,30.34774,-81.7494,http://echo.epa.gov/detailed-facility-report?fid=110000361830,110000361830,2014,E-GGRT,1007956,Methane,20.25,MTCO2e,,
82,IFF CHEMICAL HOLDINGS INC,30.34774,-81.7494,http://echo.epa.gov/detailed-facility-report?fid=110000361830,110000361830,2015,E-GGRT,1007956,Carbon dioxide,38519.2,MTCO2e,,
83,IFF CHEMICAL HOLDINGS INC,30.34774,-81.7494,http://echo.epa.gov/detailed-facility-report?fid=110000361830,110000361830,2014,E-GGRT,1007956,Nitrous oxide,31.886,MTCO2e,,
84,IFF CHEMICAL HOLDINGS INC,30.34774,-81.7494,http://echo.epa.gov/detailed-facility-report?fid=110000361830,110000361830,2014,E-GGRT,1007956,Carbon dioxide,29829.1,MTCO2e,,
85,IFF CHEMICAL HOLDINGS INC,30.34774,-81.7494,http://echo.epa.gov/detailed-facility-report?fid=110000361830,110000361830,2017,E-GGRT,1007956,Methane,24.0,MTCO2e,,
86,IFF CHEMICAL HOLDINGS INC,30.34774,-81.7494,http://echo.epa.gov/detailed-facility-report?fid=110000361830,110000361830,2017,E-GGRT,1007956,Carbon dioxide,36671.5,MTCO2e,,
87,IFF CHEMICAL HOLDINGS INC,30.34774,-81.7494,http://echo.epa.gov/detailed-facility-report?fid=110000361830,110000361830,2012,E-GGRT,1007956,Carbon dioxide,29087.0,MTCO2e,,
88,IFF CHEMICAL HOLDINGS INC,30.34774,-81.7494,http://echo.epa.gov/detailed-facility-report?fid=110000361830,110000361830,2010,E-GGRT,1007956,Carbon dioxide,16451.0,MTCO2e,,
89,IFF CHEMICAL HOLDINGS INC,30.34774,-81.7494,http://echo.epa.gov/detailed-facility-report?fid=110000361830,110000361830,2010,E-GGRT,1007956,Methane,20.0,MTCO2e,,
90,IFF CHEMICAL HOLDINGS INC,30.34774,-81.7494,http://echo.epa.gov/detailed-facility-report?fid=110000361830,110000361830,2011,E-GGRT,1007956,Nitrous oxide,47.978,MTCO2e,,
91,IFF CHEMICAL HOLDINGS INC,30.34774,-81.7494,http://echo.epa.gov/detailed-facility-report?fid=110000361830,110000361830,2011,E-GGRT,1007956,Methane,26.75,MTCO2e,,
92,IFF CHEMICAL HOLDINGS INC,30.34774,-81.7494,http://echo.epa.gov/detailed-facility-report?fid=110000361830,110000361830,2010,E-GGRT,1007956,Carbon dioxide,29568.0,MTCO2e,,
93,IFF CHEMICAL HOLDINGS INC,30.34774,-81.7494,http://echo.epa.gov/detailed-facility-report?fid=110000361830,110000361830,2016,E-GGRT,1007956,Methane,26.75,MTCO2e,,
94,IFF CHEMICAL HOLDINGS INC,30.34774,-81.7494,http://echo.epa.gov/detailed-facility-report?fid=110000361830,110000361830,2010,E-GGRT,1007956,Nitrous oxide,23.84,MTCO2e,,
95,IFF CHEMICAL HOLDINGS INC,30.34774,-81.7494,http://echo.epa.gov/detailed-facility-report?fid=110000361830,110000361830,2011,E-GGRT,1007956,Carbon dioxide,13170.0,MTCO2e,,
96,IFF CHEMICAL HOLDINGS INC,30.34774,-81.7494,http://echo.epa.gov/detailed-facility-report?fid=110000361830,110000361830,2018,E-GGRT,1007956,Nitrous oxide,44.402,MTCO2e,,
97,IFF CHEMICAL HOLDINGS INC,30.34774,-81.7494,http://echo.epa.gov/detailed-facility-report?fid=110000361830,110000361830,2018,E-GGRT,1007956,Carbon dioxide,38304.9,MTCO2e,,
98,IFF CHEMICAL HOLDINGS INC,30.34774,-81.7494,http://echo.epa.gov/detailed-facility-report?fid=110000361830,110000361830,2016,E-GGRT,1007956,Nitrous oxide,48.574,MTCO2e,,
99,IFF CHEMICAL HOLDINGS INC,30.34774,-81.7494,http://echo.epa.gov/detailed-facility-report?fid=110000361830,110000361830,2013,E-GGRT,1007956,Nitrous oxide,17.284000000000002,MTCO2e,,
100,IFF CHEMICAL HOLDINGS INC,30.34774,-81.7494,http://echo.epa.gov/detailed-facility-report?fid=110000361830,110000361830,2012,E-GGRT,1007956,Nitrous oxide,19.37,MTCO2e,,
101,IFF CHEMICAL HOLDINGS INC,30.34774,-81.7494,http://echo.epa.gov/detailed-facility-report?fid=110000361830,110000361830,2015,E-GGRT,1007956,Nitrous oxide,38.74,MTCO2e,,
102,JEA,30.3649,-81.6253,http://echo.epa.gov/detailed-facility-report?fid=110000361929,110000361929,2012,E-GGRT,1001497,Nitrous oxide,37.548,MTCO2e,,
103,JEA,30.3649,-81.6253,http://echo.epa.gov/detailed-facility-report?fid=110000361929,110000361929,2016,E-GGRT,1001497,Nitrous oxide,11.92,MTCO2e,,
104,JEA,30.3649,-81.6253,http://echo.epa.gov/detailed-facility-report?fid=110000361929,110000361929,2010,E-GGRT,1001497,Methane,42.5,MTCO2e,,
105,JEA,30.3649,-81.6253,http://echo.epa.gov/detailed-facility-report?fid=110000361929,110000361929,2018,E-GGRT,1001497,Carbon dioxide,62863.7,MTCO2e,,
106,JEA,30.3649,-81.6253,http://echo.epa.gov/detailed-facility-report?fid=110000361929,110000361929,2018,E-GGRT,1001497,Nitrous oxide,34.568000000000005,MTCO2e,,
107,JEA,30.3649,-81.6253,http://echo.epa.gov/detailed-facility-report?fid=110000361929,110000361929,2018,E-GGRT,1001497,Methane,29.0,MTCO2e,,
108,JEA,30.3649,-81.6253,http://echo.epa.gov/detailed-facility-report?fid=110000361929,110000361929,2017,E-GGRT,1001497,Nitrous oxide,12.814,MTCO2e,,
109,JEA,30.3649,-81.6253,http://echo.epa.gov/detailed-facility-report?fid=110000361929,110000361929,2011,E-GGRT,1001497,Nitrous oxide,36.654,MTCO2e,,
110,JEA,30.3649,-81.6253,http://echo.epa.gov/detailed-facility-report?fid=110000361929,110000361929,2015,E-GGRT,1001497,Carbon dioxide,17951.5,MTCO2e,,
111,JEA,30.3649,-81.6253,http://echo.epa.gov/detailed-facility-report?fid=110000361929,110000361929,2017,E-GGRT,1001497,Carbon dioxide,23551.7,MTCO2e,,
112,JEA,30.3649,-81.6253,http://echo.epa.gov/detailed-facility-report?fid=110000361929,110000361929,2014,E-GGRT,1001497,Carbon dioxide,27245.6,MTCO2e,,
113,JEA,30.3649,-81.6253,http://echo.epa.gov/detailed-facility-report?fid=110000361929,110000361929,2011,E-GGRT,1001497,Carbon dioxide,66151.1,MTCO2e,,
114,JEA,30.3649,-81.6253,http://echo.epa.gov/detailed-facility-report?fid=110000361929,110000361929,2013,E-GGRT,1001497,Nitrous oxide,31.29,MTCO2e,,
115,JEA,30.3649,-81.6253,http://echo.epa.gov/detailed-facility-report?fid=110000361929,110000361929,2015,E-GGRT,1001497,Nitrous oxide,10.132,MTCO2e,,
116,JEA,30.3649,-81.6253,http://echo.epa.gov/detailed-facility-report?fid=110000361929,110000361929,2010,E-GGRT,1001497,Nitrous oxide,61.38800000000001,MTCO2e,,
117,JEA,30.3649,-81.6253,http://echo.epa.gov/detailed-facility-report?fid=110000361929,110000361929,2012,E-GGRT,1001497,Methane,31.5,MTCO2e,,
118,JEA,30.3649,-81.6253,http://echo.epa.gov/detailed-facility-report?fid=110000361929,110000361929,2014,E-GGRT,1001497,Methane,13.0,MTCO2e,,
119,JEA,30.3649,-81.6253,http://echo.epa.gov/detailed-facility-report?fid=110000361929,110000361929,2013,E-GGRT,1001497,Methane,26.25,MTCO2e,,
120,JEA,30.3649,-81.6253,http://echo.epa.gov/detailed-facility-report?fid=110000361929,110000361929,2016,E-GGRT,1001497,Methane,10.0,MTCO2e,,
121,JEA,30.3649,-81.6253,http://echo.epa.gov/detailed-facility-report?fid=110000361929,110000361929,2016,E-GGRT,1001497,Carbon dioxide,21581.9,MTCO2e,,
122,JEA,30.3649,-81.6253,http://echo.epa.gov/detailed-facility-report?fid=110000361929,110000361929,2010,E-GGRT,1001497,Carbon dioxide,80898.6,MTCO2e,,
123,JEA,30.3649,-81.6253,http://echo.epa.gov/detailed-facility-report?fid=110000361929,110000361929,2014,E-GGRT,1001497,Nitrous oxide,15.794,MTCO2e,,
124,JEA,30.3649,-81.6253,http://echo.epa.gov/detailed-facility-report?fid=110000361929,110000361929,2013,E-GGRT,1001497,Carbon dioxide,56609.1,MTCO2e,,
125,JEA,30.3649,-81.6253,http://echo.epa.gov/detailed-facility-report?fid=110000361929,110000361929,2012,E-GGRT,1001497,Carbon dioxide,68135.1,MTCO2e,,
126,JEA,30.3649,-81.6253,http://echo.epa.gov/detailed-facility-report?fid=110000361929,110000361929,2015,E-GGRT,1001497,Methane,8.5,MTCO2e,,
127,JEA,30.3649,-81.6253,http://echo.epa.gov/detailed-facility-report?fid=110000361929,110000361929,2011,E-GGRT,1001497,Methane,30.75,MTCO2e,,
128,JEA,30.3649,-81.6253,http://echo.epa.gov/detailed-facility-report?fid=110000361929,110000361929,2017,E-GGRT,1001497,Methane,10.75,MTCO2e,,
129,ANCHOR GLASS & CONTAINER CORP,30.349681,-81.71258399999998,http://echo.epa.gov/detailed-facility-report?fid=110022424296,110022424296,2011,E-GGRT,1004941,Nitrous oxide,28.906,MTCO2e,,
130,ANCHOR GLASS & CONTAINER CORP,30.349681,-81.71258399999998,http://echo.epa.gov/detailed-facility-report?fid=110022424296,110022424296,2015,E-GGRT,1004941,Methane,22.5,MTCO2e,,
131,ANCHOR GLASS & CONTAINER CORP,30.349681,-81.71258399999998,http://echo.epa.gov/detailed-facility-report?fid=110022424296,110022424296,2012,E-GGRT,1004941,Nitrous oxide,28.608,MTCO2e,,
132,ANCHOR GLASS & CONTAINER CORP,30.349681,-81.71258399999998,http://echo.epa.gov/detailed-facility-report?fid=110022424296,110022424296,2010,E-GGRT,1004941,Nitrous oxide,28.906,MTCO2e,,
133,ANCHOR GLASS & CONTAINER CORP,30.349681,-81.71258399999998,http://echo.epa.gov/detailed-facility-report?fid=110022424296,110022424296,2016,E-GGRT,1004941,Methane,22.5,MTCO2e,,
134,ANCHOR GLASS & CONTAINER CORP,30.349681,-81.71258399999998,http://echo.epa.gov/detailed-facility-report?fid=110022424296,110022424296,2013,E-GGRT,1004941,Methane,23.5,MTCO2e,,
135,ANCHOR GLASS & CONTAINER CORP,30.349681,-81.71258399999998,http://echo.epa.gov/detailed-facility-report?fid=110022424296,110022424296,2012,E-GGRT,1004941,Carbon dioxide,68890.9,MTCO2e,,
136,ANCHOR GLASS & CONTAINER CORP,30.349681,-81.71258399999998,http://echo.epa.gov/detailed-facility-report?fid=110022424296,110022424296,2018,E-GGRT,1004941,Methane,22.5,MTCO2e,,
137,ANCHOR GLASS & CONTAINER CORP,30.349681,-81.71258399999998,http://echo.epa.gov/detailed-facility-report?fid=110022424296,110022424296,2012,E-GGRT,1004941,Methane,24.0,MTCO2e,,
138,ANCHOR GLASS & CONTAINER CORP,30.349681,-81.71258399999998,http://echo.epa.gov/detailed-facility-report?fid=110022424296,110022424296,2016,E-GGRT,1004941,Nitrous oxide,26.82,MTCO2e,,
139,ANCHOR GLASS & CONTAINER CORP,30.349681,-81.71258399999998,http://echo.epa.gov/detailed-facility-report?fid=110022424296,110022424296,2018,E-GGRT,1004941,Nitrous oxide,26.82,MTCO2e,,
140,ANCHOR GLASS & CONTAINER CORP,30.349681,-81.71258399999998,http://echo.epa.gov/detailed-facility-report?fid=110022424296,110022424296,2015,E-GGRT,1004941,Nitrous oxide,26.82,MTCO2e,,
141,ANCHOR GLASS & CONTAINER CORP,30.349681,-81.71258399999998,http://echo.epa.gov/detailed-facility-report?fid=110022424296,110022424296,2014,E-GGRT,1004941,Nitrous oxide,25.926,MTCO2e,,
142,ANCHOR GLASS & CONTAINER CORP,30.349681,-81.71258399999998,http://echo.epa.gov/detailed-facility-report?fid=110022424296,110022424296,2013,E-GGRT,1004941,Carbon dioxide,66271.4,MTCO2e,,
143,ANCHOR GLASS & CONTAINER CORP,30.349681,-81.71258399999998,http://echo.epa.gov/detailed-facility-report?fid=110022424296,110022424296,2016,E-GGRT,1004941,Carbon dioxide,66171.6,MTCO2e,,
144,ANCHOR GLASS & CONTAINER CORP,30.349681,-81.71258399999998,http://echo.epa.gov/detailed-facility-report?fid=110022424296,110022424296,2018,E-GGRT,1004941,Carbon dioxide,65646.4,MTCO2e,,
145,ANCHOR GLASS & CONTAINER CORP,30.349681,-81.71258399999998,http://echo.epa.gov/detailed-facility-report?fid=110022424296,110022424296,2015,E-GGRT,1004941,Carbon dioxide,65952.0,MTCO2e,,
146,ANCHOR GLASS & CONTAINER CORP,30.349681,-81.71258399999998,http://echo.epa.gov/detailed-facility-report?fid=110022424296,110022424296,2014,E-GGRT,1004941,Methane,21.75,MTCO2e,,
147,ANCHOR GLASS & CONTAINER CORP,30.349681,-81.71258399999998,http://echo.epa.gov/detailed-facility-report?fid=110022424296,110022424296,2013,E-GGRT,1004941,Nitrous oxide,28.012,MTCO2e,,
148,ANCHOR GLASS & CONTAINER CORP,30.349681,-81.71258399999998,http://echo.epa.gov/detailed-facility-report?fid=110022424296,110022424296,2017,E-GGRT,1004941,Nitrous oxide,26.224,MTCO2e,,
149,ANCHOR GLASS & CONTAINER CORP,30.349681,-81.71258399999998,http://echo.epa.gov/detailed-facility-report?fid=110022424296,110022424296,2011,E-GGRT,1004941,Carbon dioxide,71629.1,MTCO2e,,
150,ANCHOR GLASS & CONTAINER CORP,30.349681,-81.71258399999998,http://echo.epa.gov/detailed-facility-report?fid=110022424296,110022424296,2010,E-GGRT,1004941,Methane,24.25,MTCO2e,,
151,GEORGIA-PACIFIC CONSUMER OPERATIONS LLC,29.681083,-81.680217,http://echo.epa.gov/detailed-facility-report?fid=110000588604,110000588604,2011,E-GGRT,1007135,Carbon dioxide,956829.0,MTCO2e,,
152,GEORGIA-PACIFIC CONSUMER OPERATIONS LLC,29.681083,-81.680217,http://echo.epa.gov/detailed-facility-report?fid=110000588604,110000588604,2018,E-GGRT,1007135,Carbon dioxide,260641.3,MTCO2e,,
153,GEORGIA-PACIFIC CONSUMER OPERATIONS LLC,29.681083,-81.680217,http://echo.epa.gov/detailed-facility-report?fid=110000588604,110000588604,2017,E-GGRT,1007135,Nitrous oxide,3019.634,MTCO2e,,
154,GEORGIA-PACIFIC CONSUMER OPERATIONS LLC,29.681083,-81.680217,http://echo.epa.gov/detailed-facility-report?fid=110000588604,110000588604,2017,E-GGRT,1007135,Carbon dioxide,268055.5,MTCO2e,,
155,GEORGIA-PACIFIC CONSUMER OPERATIONS LLC,29.681083,-81.680217,http://echo.epa.gov/detailed-facility-report?fid=110000588604,110000588604,2010,E-GGRT,1007135,Methane,8420.0,MTCO2e,,
156,GEORGIA-PACIFIC CONSUMER OPERATIONS LLC,29.681083,-81.680217,http://echo.epa.gov/detailed-facility-report?fid=110000588604,110000588604,2018,E-GGRT,1007135,Carbon dioxide,863702.2,MTCO2e,,
157,GEORGIA-PACIFIC CONSUMER OPERATIONS LLC,29.681083,-81.680217,http://echo.epa.gov/detailed-facility-report?fid=110000588604,110000588604,2015,E-GGRT,1007135,Methane,49987.25,MTCO2e,,
158,GEORGIA-PACIFIC CONSUMER OPERATIONS LLC,29.681083,-81.680217,http://echo.epa.gov/detailed-facility-report?fid=110000588604,110000588604,2014,E-GGRT,1007135,Methane,50395.75,MTCO2e,,
159,GEORGIA-PACIFIC CONSUMER OPERATIONS LLC,29.681083,-81.680217,http://echo.epa.gov/detailed-facility-report?fid=110000588604,110000588604,2010,E-GGRT,1007135,Nitrous oxide,15813.966,MTCO2e,,
160,GEORGIA-PACIFIC CONSUMER OPERATIONS LLC,29.681083,-81.680217,http://echo.epa.gov/detailed-facility-report?fid=110000588604,110000588604,2011,E-GGRT,1007135,Carbon dioxide,324020.0,MTCO2e,,
161,GEORGIA-PACIFIC CONSUMER OPERATIONS LLC,29.681083,-81.680217,http://echo.epa.gov/detailed-facility-report?fid=110000588604,110000588604,2010,E-GGRT,1007135,Carbon dioxide,1014750.0,MTCO2e,,
162,GEORGIA-PACIFIC CONSUMER OPERATIONS LLC,29.681083,-81.680217,http://echo.epa.gov/detailed-facility-report?fid=110000588604,110000588604,2010,E-GGRT,1007135,Carbon dioxide,327611.1,MTCO2e,,
163,GEORGIA-PACIFIC CONSUMER OPERATIONS LLC,29.681083,-81.680217,http://echo.epa.gov/detailed-facility-report?fid=110000588604,110000588604,2014,E-GGRT,1007135,Carbon dioxide,927018.1,MTCO2e,,
164,GEORGIA-PACIFIC CONSUMER OPERATIONS LLC,29.681083,-81.680217,http://echo.epa.gov/detailed-facility-report?fid=110000588604,110000588604,2014,E-GGRT,1007135,Nitrous oxide,3417.762,MTCO2e,,
165,GEORGIA-PACIFIC CONSUMER OPERATIONS LLC,29.681083,-81.680217,http://echo.epa.gov/detailed-facility-report?fid=110000588604,110000588604,2016,E-GGRT,1007135,Carbon dioxide,305010.5,MTCO2e,,
166,GEORGIA-PACIFIC CONSUMER OPERATIONS LLC,29.681083,-81.680217,http://echo.epa.gov/detailed-facility-report?fid=110000588604,110000588604,2012,E-GGRT,1007135,Carbon dioxide,930826.0,MTCO2e,,
167,GEORGIA-PACIFIC CONSUMER OPERATIONS LLC,29.681083,-81.680217,http://echo.epa.gov/detailed-facility-report?fid=110000588604,110000588604,2012,E-GGRT,1007135,Nitrous oxide,14338.866000000002,MTCO2e,,
168,GEORGIA-PACIFIC CONSUMER OPERATIONS LLC,29.681083,-81.680217,http://echo.epa.gov/detailed-facility-report?fid=110000588604,110000588604,2016,E-GGRT,1007135,Methane,49133.0,MTCO2e,,
169,GEORGIA-PACIFIC CONSUMER OPERATIONS LLC,29.681083,-81.680217,http://echo.epa.gov/detailed-facility-report?fid=110000588604,110000588604,2013,E-GGRT,1007135,Carbon dioxide,973781.0,MTCO2e,,
170,GEORGIA-PACIFIC CONSUMER OPERATIONS LLC,29.681083,-81.680217,http://echo.epa.gov/detailed-facility-report?fid=110000588604,110000588604,2017,E-GGRT,1007135,Methane,21057.75,MTCO2e,,
171,GEORGIA-PACIFIC CONSUMER OPERATIONS LLC,29.681083,-81.680217,http://echo.epa.gov/detailed-facility-report?fid=110000588604,110000588604,2015,E-GGRT,1007135,Carbon dioxide,910117.2,MTCO2e,,
172,GEORGIA-PACIFIC CONSUMER OPERATIONS LLC,29.681083,-81.680217,http://echo.epa.gov/detailed-facility-report?fid=110000588604,110000588604,2011,E-GGRT,1007135,Methane,54893.5,MTCO2e,,
173,GEORGIA-PACIFIC CONSUMER OPERATIONS LLC,29.681083,-81.680217,http://echo.epa.gov/detailed-facility-report?fid=110000588604,110000588604,2015,E-GGRT,1007135,Carbon dioxide,300335.5,MTCO2e,,
174,GEORGIA-PACIFIC CONSUMER OPERATIONS LLC,29.681083,-81.680217,http://echo.epa.gov/detailed-facility-report?fid=110000588604,110000588604,2012,E-GGRT,1007135,Methane,56830.5,MTCO2e,,
175,GEORGIA-PACIFIC CONSUMER OPERATIONS LLC,29.681083,-81.680217,http://echo.epa.gov/detailed-facility-report?fid=110000588604,110000588604,2015,E-GGRT,1007135,Nitrous oxide,3533.088,MTCO2e,,
176,GEORGIA-PACIFIC CONSUMER OPERATIONS LLC,29.681083,-81.680217,http://echo.epa.gov/detailed-facility-report?fid=110000588604,110000588604,2013,E-GGRT,1007135,Nitrous oxide,3453.224,MTCO2e,,
177,GEORGIA-PACIFIC CONSUMER OPERATIONS LLC,29.681083,-81.680217,http://echo.epa.gov/detailed-facility-report?fid=110000588604,110000588604,2018,E-GGRT,1007135,Nitrous oxide,2800.306,MTCO2e,,
178,GEORGIA-PACIFIC CONSUMER OPERATIONS LLC,29.681083,-81.680217,http://echo.epa.gov/detailed-facility-report?fid=110000588604,110000588604,2014,E-GGRT,1007135,Carbon dioxide,308594.8,MTCO2e,,
179,GEORGIA-PACIFIC CONSUMER OPERATIONS LLC,29.681083,-81.680217,http://echo.epa.gov/detailed-facility-report?fid=110000588604,110000588604,2017,E-GGRT,1007135,Carbon dioxide,843417.3,MTCO2e,,
180,GEORGIA-PACIFIC CONSUMER OPERATIONS LLC,29.681083,-81.680217,http://echo.epa.gov/detailed-facility-report?fid=110000588604,110000588604,2016,E-GGRT,1007135,Nitrous oxide,2623.592,MTCO2e,,
181,GEORGIA-PACIFIC CONSUMER OPERATIONS LLC,29.681083,-81.680217,http://echo.epa.gov/detailed-facility-report?fid=110000588604,110000588604,2013,E-GGRT,1007135,Methane,50912.5,MTCO2e,,
182,GEORGIA-PACIFIC CONSUMER OPERATIONS LLC,29.681083,-81.680217,http://echo.epa.gov/detailed-facility-report?fid=110000588604,110000588604,2013,E-GGRT,1007135,Carbon dioxide,308333.3,MTCO2e,,
183,GEORGIA-PACIFIC CONSUMER OPERATIONS LLC,29.681083,-81.680217,http://echo.epa.gov/detailed-facility-report?fid=110000588604,110000588604,2018,E-GGRT,1007135,Methane,26807.75,MTCO2e,,
184,GEORGIA-PACIFIC CONSUMER OPERATIONS LLC,29.681083,-81.680217,http://echo.epa.gov/detailed-facility-report?fid=110000588604,110000588604,2012,E-GGRT,1007135,Carbon dioxide,309961.0,MTCO2e,,
185,GEORGIA-PACIFIC CONSUMER OPERATIONS LLC,29.681083,-81.680217,http://echo.epa.gov/detailed-facility-report?fid=110000588604,110000588604,2011,E-GGRT,1007135,Nitrous oxide,14923.542,MTCO2e,,
186,GEORGIA-PACIFIC CONSUMER OPERATIONS LLC,29.681083,-81.680217,http://echo.epa.gov/detailed-facility-report?fid=110000588604,110000588604,2016,E-GGRT,1007135,Carbon dioxide,797321.7,MTCO2e,,
187,UNITED STATES GYPSUM CO.,30.381790000000002,-81.63793000000003,http://echo.epa.gov/detailed-facility-report?fid=110001737014,110001737014,2018,E-GGRT,1002245,Carbon dioxide,28029.7,MTCO2e,,
188,UNITED STATES GYPSUM CO.,30.381790000000002,-81.63793000000003,http://echo.epa.gov/detailed-facility-report?fid=110001737014,110001737014,2015,E-GGRT,1002245,Methane,14.75,MTCO2e,,
189,UNITED STATES GYPSUM CO.,30.381790000000002,-81.63793000000003,http://echo.epa.gov/detailed-facility-report?fid=110001737014,110001737014,2013,E-GGRT,1002245,Carbon dioxide,25250.7,MTCO2e,,
190,UNITED STATES GYPSUM CO.,30.381790000000002,-81.63793000000003,http://echo.epa.gov/detailed-facility-report?fid=110001737014,110001737014,2013,E-GGRT,1002245,Nitrous oxide,14.005999999999998,MTCO2e,,
191,UNITED STATES GYPSUM CO.,30.381790000000002,-81.63793000000003,http://echo.epa.gov/detailed-facility-report?fid=110001737014,110001737014,2016,E-GGRT,1002245,Nitrous oxide,19.37,MTCO2e,,
192,UNITED STATES GYPSUM CO.,30.381790000000002,-81.63793000000003,http://echo.epa.gov/detailed-facility-report?fid=110001737014,110001737014,2018,E-GGRT,1002245,Methane,13.25,MTCO2e,,
193,UNITED STATES GYPSUM CO.,30.381790000000002,-81.63793000000003,http://echo.epa.gov/detailed-facility-report?fid=110001737014,110001737014,2014,E-GGRT,1002245,Methane,14.75,MTCO2e,,
194,UNITED STATES GYPSUM CO.,30.381790000000002,-81.63793000000003,http://echo.epa.gov/detailed-facility-report?fid=110001737014,110001737014,2017,E-GGRT,1002245,Methane,18.25,MTCO2e,,
195,UNITED STATES GYPSUM CO.,30.381790000000002,-81.63793000000003,http://echo.epa.gov/detailed-facility-report?fid=110001737014,110001737014,2017,E-GGRT,1002245,Carbon dioxide,38510.3,MTCO2e,,
196,UNITED STATES GYPSUM CO.,30.381790000000002,-81.63793000000003,http://echo.epa.gov/detailed-facility-report?fid=110001737014,110001737014,2016,E-GGRT,1002245,Methane,16.25,MTCO2e,,
197,UNITED STATES GYPSUM CO.,30.381790000000002,-81.63793000000003,http://echo.epa.gov/detailed-facility-report?fid=110001737014,110001737014,2016,E-GGRT,1002245,Carbon dioxide,34385.3,MTCO2e,,
198,UNITED STATES GYPSUM CO.,30.381790000000002,-81.63793000000003,http://echo.epa.gov/detailed-facility-report?fid=110001737014,110001737014,2018,E-GGRT,1002245,Nitrous oxide,15.794,MTCO2e,,
199,UNITED STATES GYPSUM CO.,30.381790000000002,-81.63793000000003,http://echo.epa.gov/detailed-facility-report?fid=110001737014,110001737014,2014,E-GGRT,1002245,Carbon dioxide,31119.8,MTCO2e,,
200,UNITED STATES GYPSUM CO.,30.381790000000002,-81.63793000000003,http://echo.epa.gov/detailed-facility-report?fid=110001737014,110001737014,2015,E-GGRT,1002245,Carbon dioxide,31406.0,MTCO2e,,
201,UNITED STATES GYPSUM CO.,30.381790000000002,-81.63793000000003,http://echo.epa.gov/detailed-facility-report?fid=110001737014,110001737014,2013,E-GGRT,1002245,Methane,12.0,MTCO2e,,
202,UNITED STATES GYPSUM CO.,30.381790000000002,-81.63793000000003,http://echo.epa.gov/detailed-facility-report?fid=110001737014,110001737014,2015,E-GGRT,1002245,Nitrous oxide,17.582,MTCO2e,,
203,UNITED STATES GYPSUM CO.,30.381790000000002,-81.63793000000003,http://echo.epa.gov/detailed-facility-report?fid=110001737014,110001737014,2017,E-GGRT,1002245,Nitrous oxide,21.754,MTCO2e,,
204,UNITED STATES GYPSUM CO.,30.381790000000002,-81.63793000000003,http://echo.epa.gov/detailed-facility-report?fid=110001737014,110001737014,2014,E-GGRT,1002245,Nitrous oxide,17.582,MTCO2e,,
205,ANCHOR GLASS & CONTAINER CORP,30.349681,-81.71258399999998,http://echo.epa.gov/detailed-facility-report?fid=110022424296,110022424296,2011,E-GGRT,1004941,Methane,24.25,MTCO2e,,
206,ANCHOR GLASS & CONTAINER CORP,30.349681,-81.71258399999998,http://echo.epa.gov/detailed-facility-report?fid=110022424296,110022424296,2014,E-GGRT,1004941,Carbon dioxide,60927.8,MTCO2e,,
207,ANCHOR GLASS & CONTAINER CORP,30.349681,-81.71258399999998,http://echo.epa.gov/detailed-facility-report?fid=110022424296,110022424296,2010,E-GGRT,1004941,Carbon dioxide,73905.1,MTCO2e,,
208,ANCHOR GLASS & CONTAINER CORP,30.349681,-81.71258399999998,http://echo.epa.gov/detailed-facility-report?fid=110022424296,110022424296,2017,E-GGRT,1004941,Carbon dioxide,64294.4,MTCO2e,,
209,ANCHOR GLASS & CONTAINER CORP,30.349681,-81.71258399999998,http://echo.epa.gov/detailed-facility-report?fid=110022424296,110022424296,2017,E-GGRT,1004941,Methane,22.0,MTCO2e,,
210,GAINESVILLE REGIONAL UTILITIES J R KELLY GENERATING STATION,29.646887,-82.32092,http://echo.epa.gov/detailed-facility-report?fid=110001736925,110001736925,2017,E-GGRT,1001496,Nitrous oxide,134.696,MTCO2e,,
211,GAINESVILLE REGIONAL UTILITIES J R KELLY GENERATING STATION,29.646887,-82.32092,http://echo.epa.gov/detailed-facility-report?fid=110001736925,110001736925,2016,E-GGRT,1001496,Methane,163.5,MTCO2e,,
212,GAINESVILLE REGIONAL UTILITIES J R KELLY GENERATING STATION,29.646887,-82.32092,http://echo.epa.gov/detailed-facility-report?fid=110001736925,110001736925,2014,E-GGRT,1001496,Carbon dioxide,120277.4,MTCO2e,,
213,GAINESVILLE REGIONAL UTILITIES J R KELLY GENERATING STATION,29.646887,-82.32092,http://echo.epa.gov/detailed-facility-report?fid=110001736925,110001736925,2017,E-GGRT,1001496,Methane,113.0,MTCO2e,,
214,GAINESVILLE REGIONAL UTILITIES J R KELLY GENERATING STATION,29.646887,-82.32092,http://echo.epa.gov/detailed-facility-report?fid=110001736925,110001736925,2012,E-GGRT,1001496,Carbon dioxide,242668.6,MTCO2e,,
215,GAINESVILLE REGIONAL UTILITIES J R KELLY GENERATING STATION,29.646887,-82.32092,http://echo.epa.gov/detailed-facility-report?fid=110001736925,110001736925,2015,E-GGRT,1001496,Nitrous oxide,133.20600000000002,MTCO2e,,
216,GAINESVILLE REGIONAL UTILITIES J R KELLY GENERATING STATION,29.646887,-82.32092,http://echo.epa.gov/detailed-facility-report?fid=110001736925,110001736925,2015,E-GGRT,1001496,Methane,111.75,MTCO2e,,
217,GAINESVILLE REGIONAL UTILITIES J R KELLY GENERATING STATION,29.646887,-82.32092,http://echo.epa.gov/detailed-facility-report?fid=110001736925,110001736925,2016,E-GGRT,1001496,Carbon dioxide,352577.8,MTCO2e,,
218,GAINESVILLE REGIONAL UTILITIES J R KELLY GENERATING STATION,29.646887,-82.32092,http://echo.epa.gov/detailed-facility-report?fid=110001736925,110001736925,2013,E-GGRT,1001496,Methane,102.25,MTCO2e,,
219,GAINESVILLE REGIONAL UTILITIES J R KELLY GENERATING STATION,29.646887,-82.32092,http://echo.epa.gov/detailed-facility-report?fid=110001736925,110001736925,2011,E-GGRT,1001496,Methane,57.5,MTCO2e,,
220,GAINESVILLE REGIONAL UTILITIES J R KELLY GENERATING STATION,29.646887,-82.32092,http://echo.epa.gov/detailed-facility-report?fid=110001736925,110001736925,2018,E-GGRT,1001496,Methane,134.25,MTCO2e,,
221,PUTNAM COUNTY CENTRAL LANDFILL,29.71557,-81.6627,http://echo.epa.gov/detailed-facility-report?fid=110013932414,110013932414,2015,E-GGRT,1006049,Methane,72259.25,MTCO2e,,
222,PUTNAM COUNTY CENTRAL LANDFILL,29.71557,-81.6627,http://echo.epa.gov/detailed-facility-report?fid=110013932414,110013932414,2016,E-GGRT,1006049,Methane,73091.75,MTCO2e,,
223,PUTNAM COUNTY CENTRAL LANDFILL,29.71557,-81.6627,http://echo.epa.gov/detailed-facility-report?fid=110013932414,110013932414,2017,E-GGRT,1006049,Methane,73449.0,MTCO2e,,
224,PUTNAM COUNTY CENTRAL LANDFILL,29.71557,-81.6627,http://echo.epa.gov/detailed-facility-report?fid=110013932414,110013932414,2010,E-GGRT,1006049,Methane,68366.75,MTCO2e,,
225,PUTNAM COUNTY CENTRAL LANDFILL,29.71557,-81.6627,http://echo.epa.gov/detailed-facility-report?fid=110013932414,110013932414,2018,E-GGRT,1006049,Methane,74279.25,MTCO2e,,
226,PUTNAM COUNTY CENTRAL LANDFILL,29.71557,-81.6627,http://echo.epa.gov/detailed-facility-report?fid=110013932414,110013932414,2013,E-GGRT,1006049,Methane,70362.25,MTCO2e,,
227,PUTNAM COUNTY CENTRAL LANDFILL,29.71557,-81.6627,http://echo.epa.gov/detailed-facility-report?fid=110013932414,110013932414,2012,E-GGRT,1006049,Methane,69861.5,MTCO2e,,
228,PUTNAM COUNTY CENTRAL LANDFILL,29.71557,-81.6627,http://echo.epa.gov/detailed-facility-report?fid=110013932414,110013932414,2014,E-GGRT,1006049,Methane,71490.25,MTCO2e,,
229,PUTNAM COUNTY CENTRAL LANDFILL,29.71557,-81.6627,http://echo.epa.gov/detailed-facility-report?fid=110013932414,110013932414,2011,E-GGRT,1006049,Methane,69135.5,MTCO2e,,
