,FAC_NAME,FAC_LAT,FAC_LONG,DFR_URL,PWSID,FISCAL_YEAR,STATE,STATE_NAME,EPA_REGION,PWS_TYPE_CODE,PWS_NAME,CITY_SERVED,STATE_CODE,SOURCE_WATER,IS_TRIBAL,SYSTEM_SIZE,POPULATION_SERVED_COUNT
0,"MCINTOSH, TOWN OF",29.4488,-82.22211999999998,http://echo.epa.gov/detailed-facility-report?fid=110013197352,FL3421379,2018,FL,Florida,4,CWS,"MCINTOSH, TOWN OF",MCINTOSH,FL,GW,N,Very Small,484
1,"MCINTOSH, TOWN OF",29.4488,-82.22211999999998,http://echo.epa.gov/detailed-facility-report?fid=110013197352,FL3421379,2020,FL,Florida,4,CWS,"MCINTOSH, TOWN OF",MCINTOSH,FL,GW,N,Very Small,484
2,"MCINTOSH, TOWN OF",29.4488,-82.22211999999998,http://echo.epa.gov/detailed-facility-report?fid=110013197352,FL3421379,2017,FL,Florida,4,CWS,"MCINTOSH, TOWN OF",MCINTOSH,FL,GW,N,Very Small,484
3,"MCINTOSH, TOWN OF",29.4488,-82.22211999999998,http://echo.epa.gov/detailed-facility-report?fid=110013197352,FL3421379,2014,FL,Florida,4,CWS,"MCINTOSH, TOWN OF",MCINTOSH,FL,GW,N,Very Small,484
4,"MCINTOSH, TOWN OF",29.4488,-82.22211999999998,http://echo.epa.gov/detailed-facility-report?fid=110013197352,FL3421379,2013,FL,Florida,4,CWS,"MCINTOSH, TOWN OF",MCINTOSH,FL,GW,N,Very Small,484
5,"MCINTOSH, TOWN OF",29.4488,-82.22211999999998,http://echo.epa.gov/detailed-facility-report?fid=110013197352,FL3421379,2012,FL,Florida,4,CWS,"MCINTOSH, TOWN OF",MCINTOSH,FL,GW,N,Very Small,484
6,"MCINTOSH, TOWN OF",29.4488,-82.22211999999998,http://echo.epa.gov/detailed-facility-report?fid=110013197352,FL3421379,2011,FL,Florida,4,CWS,"MCINTOSH, TOWN OF",MCINTOSH,FL,GW,N,Very Small,484
7,"MCINTOSH, TOWN OF",29.4488,-82.22211999999998,http://echo.epa.gov/detailed-facility-report?fid=110013197352,FL3421379,2019,FL,Florida,4,CWS,"MCINTOSH, TOWN OF",MCINTOSH,FL,GW,N,Very Small,484
8,"MCINTOSH, TOWN OF",29.4488,-82.22211999999998,http://echo.epa.gov/detailed-facility-report?fid=110013197352,FL3421379,2015,FL,Florida,4,CWS,"MCINTOSH, TOWN OF",MCINTOSH,FL,GW,N,Very Small,484
9,"MCINTOSH, TOWN OF",29.4488,-82.22211999999998,http://echo.epa.gov/detailed-facility-report?fid=110013197352,FL3421379,2016,FL,Florida,4,CWS,"MCINTOSH, TOWN OF",MCINTOSH,FL,GW,N,Very Small,484
10,CAMP TRACEY,30.33042,-81.58752,http://echo.epa.gov/detailed-facility-report?fid=110013193515,FL2024897,2014,FL,Florida,4,CWS,CAMP TRACEY,GLEN ST. MARY,FL,GW,N,Very Small,30
11,CAMP TRACEY,30.33042,-81.58752,http://echo.epa.gov/detailed-facility-report?fid=110013193515,FL2024897,2013,FL,Florida,4,CWS,CAMP TRACEY,GLEN ST. MARY,FL,GW,N,Very Small,30
12,CAMP TRACEY,30.33042,-81.58752,http://echo.epa.gov/detailed-facility-report?fid=110013193515,FL2024897,2012,FL,Florida,4,CWS,CAMP TRACEY,GLEN ST. MARY,FL,GW,N,Very Small,30
13,CAMP TRACEY,30.33042,-81.58752,http://echo.epa.gov/detailed-facility-report?fid=110013193515,FL2024897,2011,FL,Florida,4,CWS,CAMP TRACEY,GLEN ST. MARY,FL,GW,N,Very Small,30
14,CAMP TRACEY,30.33042,-81.58752,http://echo.epa.gov/detailed-facility-report?fid=110013193515,FL2024897,2016,FL,Florida,4,NTNCWS,BEREAN BAPTIST COLLEGE,GLEN ST. MARY,FL,GW,N,Very Small,30
15,CAMP TRACEY,30.33042,-81.58752,http://echo.epa.gov/detailed-facility-report?fid=110013193515,FL2024897,2017,FL,Florida,4,NTNCWS,BEREAN BAPTIST COLLEGE,GLEN ST. MARY,FL,GW,N,Very Small,30
16,BRIARWOOD ESTATES MHP,30.403540000000003,-81.74271999999998,http://echo.epa.gov/detailed-facility-report?fid=110013194319,FL2160110,2016,FL,Florida,4,CWS,SUNNY PINES,JACKSONVILLE,FL,GW,N,Very Small,80
17,BRIARWOOD ESTATES MHP,30.403540000000003,-81.74271999999998,http://echo.epa.gov/detailed-facility-report?fid=110013194319,FL2160110,2018,FL,Florida,4,CWS,SUNNY PINES,JACKSONVILLE,FL,GW,N,Very Small,80
18,BRIARWOOD ESTATES MHP,30.403540000000003,-81.74271999999998,http://echo.epa.gov/detailed-facility-report?fid=110013194319,FL2160110,2020,FL,Florida,4,CWS,SUNNY PINES,JACKSONVILLE,FL,GW,N,Very Small,80
19,BRIARWOOD ESTATES MHP,30.403540000000003,-81.74271999999998,http://echo.epa.gov/detailed-facility-report?fid=110013194319,FL2160110,2017,FL,Florida,4,CWS,SUNNY PINES,JACKSONVILLE,FL,GW,N,Very Small,80
20,BRIARWOOD ESTATES MHP,30.403540000000003,-81.74271999999998,http://echo.epa.gov/detailed-facility-report?fid=110013194319,FL2160110,2015,FL,Florida,4,CWS,SUNNY PINES,JACKSONVILLE,FL,GW,N,Very Small,80
21,BRIARWOOD ESTATES MHP,30.403540000000003,-81.74271999999998,http://echo.epa.gov/detailed-facility-report?fid=110013194319,FL2160110,2019,FL,Florida,4,CWS,SUNNY PINES,JACKSONVILLE,FL,GW,N,Very Small,80
22,BRIARWOOD ESTATES MHP,30.403540000000003,-81.74271999999998,http://echo.epa.gov/detailed-facility-report?fid=110013194319,FL2160110,2014,FL,Florida,4,CWS,SUNNY PINES,JACKSONVILLE,FL,GW,N,Very Small,80
23,BRIARWOOD ESTATES MHP,30.403540000000003,-81.74271999999998,http://echo.epa.gov/detailed-facility-report?fid=110013194319,FL2160110,2013,FL,Florida,4,CWS,SUNNY PINES,JACKSONVILLE,FL,GW,N,Very Small,80
24,BRIARWOOD ESTATES MHP,30.403540000000003,-81.74271999999998,http://echo.epa.gov/detailed-facility-report?fid=110013194319,FL2160110,2012,FL,Florida,4,CWS,SUNNY PINES,JACKSONVILLE,FL,GW,N,Very Small,80
25,BRIARWOOD ESTATES MHP,30.403540000000003,-81.74271999999998,http://echo.epa.gov/detailed-facility-report?fid=110013194319,FL2160110,2011,FL,Florida,4,CWS,SUNNY PINES,JACKSONVILLE,FL,GW,N,Very Small,80
26,JACKSONVILLE UNIVERSITY,30.35342,-81.604505,http://echo.epa.gov/detailed-facility-report?fid=110020959177,FL2160568,2016,FL,Florida,4,CWS,JACKSONVILLE UNIVERSITY,JACKSONVILLE,FL,GW,N,Medium,3480
27,JACKSONVILLE UNIVERSITY,30.35342,-81.604505,http://echo.epa.gov/detailed-facility-report?fid=110020959177,FL2160568,2018,FL,Florida,4,CWS,JACKSONVILLE UNIVERSITY,JACKSONVILLE,FL,GW,N,Medium,3480
28,JACKSONVILLE UNIVERSITY,30.35342,-81.604505,http://echo.epa.gov/detailed-facility-report?fid=110020959177,FL2160568,2019,FL,Florida,4,CWS,JACKSONVILLE UNIVERSITY,JACKSONVILLE,FL,GW,N,Medium,3480
29,JACKSONVILLE UNIVERSITY,30.35342,-81.604505,http://echo.epa.gov/detailed-facility-report?fid=110020959177,FL2160568,2014,FL,Florida,4,CWS,JACKSONVILLE UNIVERSITY,JACKSONVILLE,FL,GW,N,Medium,3480
30,JACKSONVILLE UNIVERSITY,30.35342,-81.604505,http://echo.epa.gov/detailed-facility-report?fid=110020959177,FL2160568,2013,FL,Florida,4,CWS,JACKSONVILLE UNIVERSITY,JACKSONVILLE,FL,GW,N,Medium,3480
31,JACKSONVILLE UNIVERSITY,30.35342,-81.604505,http://echo.epa.gov/detailed-facility-report?fid=110020959177,FL2160568,2012,FL,Florida,4,CWS,JACKSONVILLE UNIVERSITY,JACKSONVILLE,FL,GW,N,Medium,3480
32,JACKSONVILLE UNIVERSITY,30.35342,-81.604505,http://echo.epa.gov/detailed-facility-report?fid=110020959177,FL2160568,2011,FL,Florida,4,CWS,JACKSONVILLE UNIVERSITY,JACKSONVILLE,FL,GW,N,Medium,3480
33,JACKSONVILLE UNIVERSITY,30.35342,-81.604505,http://echo.epa.gov/detailed-facility-report?fid=110020959177,FL2160568,2020,FL,Florida,4,CWS,JACKSONVILLE UNIVERSITY,JACKSONVILLE,FL,GW,N,Medium,3480
34,JACKSONVILLE UNIVERSITY,30.35342,-81.604505,http://echo.epa.gov/detailed-facility-report?fid=110020959177,FL2160568,2017,FL,Florida,4,CWS,JACKSONVILLE UNIVERSITY,JACKSONVILLE,FL,GW,N,Medium,3480
35,JACKSONVILLE UNIVERSITY,30.35342,-81.604505,http://echo.epa.gov/detailed-facility-report?fid=110020959177,FL2160568,2015,FL,Florida,4,CWS,JACKSONVILLE UNIVERSITY,JACKSONVILLE,FL,GW,N,Medium,3480
36,"YUKON INDUSTRIES, LTD.",30.233340000000002,-81.700313,http://echo.epa.gov/detailed-facility-report?fid=110006778852,FL2160601,2014,FL,Florida,4,CWS,"YUKON INDUSTRIES, LTD.",JACKSONVILLE,FL,GW,N,Very Small,40
37,"YUKON INDUSTRIES, LTD.",30.233340000000002,-81.700313,http://echo.epa.gov/detailed-facility-report?fid=110006778852,FL2160601,2013,FL,Florida,4,CWS,"YUKON INDUSTRIES, LTD.",JACKSONVILLE,FL,GW,N,Very Small,40
38,"YUKON INDUSTRIES, LTD.",30.233340000000002,-81.700313,http://echo.epa.gov/detailed-facility-report?fid=110006778852,FL2160601,2012,FL,Florida,4,CWS,"YUKON INDUSTRIES, LTD.",JACKSONVILLE,FL,GW,N,Very Small,40
39,"YUKON INDUSTRIES, LTD.",30.233340000000002,-81.700313,http://echo.epa.gov/detailed-facility-report?fid=110006778852,FL2160601,2011,FL,Florida,4,CWS,"YUKON INDUSTRIES, LTD.",JACKSONVILLE,FL,GW,N,Very Small,40
40,"YUKON INDUSTRIES, LTD.",30.233340000000002,-81.700313,http://echo.epa.gov/detailed-facility-report?fid=110006778852,FL2160601,2018,FL,Florida,4,CWS,"YUKON INDUSTRIES, LTD.",JACKSONVILLE,FL,GW,N,Very Small,43
41,"YUKON INDUSTRIES, LTD.",30.233340000000002,-81.700313,http://echo.epa.gov/detailed-facility-report?fid=110006778852,FL2160601,2016,FL,Florida,4,CWS,"YUKON INDUSTRIES, LTD.",JACKSONVILLE,FL,GW,N,Very Small,40
42,"YUKON INDUSTRIES, LTD.",30.233340000000002,-81.700313,http://echo.epa.gov/detailed-facility-report?fid=110006778852,FL2160601,2020,FL,Florida,4,CWS,"YUKON INDUSTRIES, LTD.",JACKSONVILLE,FL,GW,N,Very Small,43
43,"YUKON INDUSTRIES, LTD.",30.233340000000002,-81.700313,http://echo.epa.gov/detailed-facility-report?fid=110006778852,FL2160601,2015,FL,Florida,4,CWS,"YUKON INDUSTRIES, LTD.",JACKSONVILLE,FL,GW,N,Very Small,40
44,"YUKON INDUSTRIES, LTD.",30.233340000000002,-81.700313,http://echo.epa.gov/detailed-facility-report?fid=110006778852,FL2160601,2017,FL,Florida,4,CWS,"YUKON INDUSTRIES, LTD.",JACKSONVILLE,FL,GW,N,Very Small,40
45,"YUKON INDUSTRIES, LTD.",30.233340000000002,-81.700313,http://echo.epa.gov/detailed-facility-report?fid=110006778852,FL2160601,2019,FL,Florida,4,CWS,"YUKON INDUSTRIES, LTD.",JACKSONVILLE,FL,GW,N,Very Small,43
46,STUDY ESTATES MHP,30.39957,-81.75395,http://echo.epa.gov/detailed-facility-report?fid=110006778594,FL2160654,2018,FL,Florida,4,CWS,STUDY ESTATES MHP,JACKSONVILLE,FL,GW,N,Very Small,60
47,STUDY ESTATES MHP,30.39957,-81.75395,http://echo.epa.gov/detailed-facility-report?fid=110006778594,FL2160654,2019,FL,Florida,4,CWS,STUDY ESTATES MHP,JACKSONVILLE,FL,GW,N,Very Small,60
48,STUDY ESTATES MHP,30.39957,-81.75395,http://echo.epa.gov/detailed-facility-report?fid=110006778594,FL2160654,2015,FL,Florida,4,CWS,STUDY ESTATES MHP,JACKSONVILLE,FL,GW,N,Very Small,52
49,STUDY ESTATES MHP,30.39957,-81.75395,http://echo.epa.gov/detailed-facility-report?fid=110006778594,FL2160654,2020,FL,Florida,4,CWS,STUDY ESTATES MHP,JACKSONVILLE,FL,GW,N,Very Small,60
50,STUDY ESTATES MHP,30.39957,-81.75395,http://echo.epa.gov/detailed-facility-report?fid=110006778594,FL2160654,2014,FL,Florida,4,CWS,STUDY ESTATES MHP,JACKSONVILLE,FL,GW,N,Very Small,52
51,STUDY ESTATES MHP,30.39957,-81.75395,http://echo.epa.gov/detailed-facility-report?fid=110006778594,FL2160654,2013,FL,Florida,4,CWS,STUDY ESTATES MHP,JACKSONVILLE,FL,GW,N,Very Small,52
52,STUDY ESTATES MHP,30.39957,-81.75395,http://echo.epa.gov/detailed-facility-report?fid=110006778594,FL2160654,2012,FL,Florida,4,CWS,STUDY ESTATES MHP,JACKSONVILLE,FL,GW,N,Very Small,52
53,STUDY ESTATES MHP,30.39957,-81.75395,http://echo.epa.gov/detailed-facility-report?fid=110006778594,FL2160654,2011,FL,Florida,4,CWS,STUDY ESTATES MHP,JACKSONVILLE,FL,GW,N,Very Small,52
54,STUDY ESTATES MHP,30.39957,-81.75395,http://echo.epa.gov/detailed-facility-report?fid=110006778594,FL2160654,2016,FL,Florida,4,CWS,STUDY ESTATES MHP,JACKSONVILLE,FL,GW,N,Very Small,60
55,STUDY ESTATES MHP,30.39957,-81.75395,http://echo.epa.gov/detailed-facility-report?fid=110006778594,FL2160654,2017,FL,Florida,4,CWS,STUDY ESTATES MHP,JACKSONVILLE,FL,GW,N,Very Small,60
56,TROUT RIVER MOBILE HOME PARK,30.41607,-81.73501,http://echo.epa.gov/detailed-facility-report?fid=110013194177,FL2161192,2011,FL,Florida,4,CWS,TROUT RIVER MOBILE HOME PARK,JACKSONVILLE,FL,GW,N,Very Small,60
57,BARCELONA APARTMENTS,30.19333,-81.70322,http://echo.epa.gov/detailed-facility-report?fid=110013748267,FL2161337,2014,FL,Florida,4,CWS,BARCELONA APARTMENTS,JACKSONVILLE,FL,GW,N,Very Small,56
58,BARCELONA APARTMENTS,30.19333,-81.70322,http://echo.epa.gov/detailed-facility-report?fid=110013748267,FL2161337,2013,FL,Florida,4,CWS,BARCELONA APARTMENTS,JACKSONVILLE,FL,GW,N,Very Small,56
59,BARCELONA APARTMENTS,30.19333,-81.70322,http://echo.epa.gov/detailed-facility-report?fid=110013748267,FL2161337,2012,FL,Florida,4,CWS,BARCELONA APARTMENTS,JACKSONVILLE,FL,GW,N,Very Small,56
60,BARCELONA APARTMENTS,30.19333,-81.70322,http://echo.epa.gov/detailed-facility-report?fid=110013748267,FL2161337,2011,FL,Florida,4,CWS,BARCELONA APARTMENTS,JACKSONVILLE,FL,GW,N,Very Small,56
61,BARCELONA APARTMENTS,30.19333,-81.70322,http://echo.epa.gov/detailed-facility-report?fid=110013748267,FL2161337,2020,FL,Florida,4,CWS,BARCELONA APARTMENTS,JACKSONVILLE,FL,GW,N,Very Small,56
62,BARCELONA APARTMENTS,30.19333,-81.70322,http://echo.epa.gov/detailed-facility-report?fid=110013748267,FL2161337,2018,FL,Florida,4,CWS,BARCELONA APARTMENTS,JACKSONVILLE,FL,GW,N,Very Small,56
63,BARCELONA APARTMENTS,30.19333,-81.70322,http://echo.epa.gov/detailed-facility-report?fid=110013748267,FL2161337,2015,FL,Florida,4,CWS,BARCELONA APARTMENTS,JACKSONVILLE,FL,GW,N,Very Small,56
64,BARCELONA APARTMENTS,30.19333,-81.70322,http://echo.epa.gov/detailed-facility-report?fid=110013748267,FL2161337,2019,FL,Florida,4,CWS,BARCELONA APARTMENTS,JACKSONVILLE,FL,GW,N,Very Small,56
65,BARCELONA APARTMENTS,30.19333,-81.70322,http://echo.epa.gov/detailed-facility-report?fid=110013748267,FL2161337,2017,FL,Florida,4,CWS,BARCELONA APARTMENTS,JACKSONVILLE,FL,GW,N,Very Small,56
66,BARCELONA APARTMENTS,30.19333,-81.70322,http://echo.epa.gov/detailed-facility-report?fid=110013748267,FL2161337,2016,FL,Florida,4,CWS,BARCELONA APARTMENTS,JACKSONVILLE,FL,GW,N,Very Small,56
67,OLDCASTLE PRECAST INC.,30.38022,-81.74084,http://echo.epa.gov/detailed-facility-report?fid=110009691244,FL2164617,2016,FL,Florida,4,NTNCWS,OLD CASTLE PRECAST,JACKSONVILLE,FL,GW,N,Very Small,25
68,OLDCASTLE PRECAST INC.,30.38022,-81.74084,http://echo.epa.gov/detailed-facility-report?fid=110009691244,FL2164617,2019,FL,Florida,4,NTNCWS,OLD CASTLE PRECAST,JACKSONVILLE,FL,GW,N,Very Small,29
69,OLDCASTLE PRECAST INC.,30.38022,-81.74084,http://echo.epa.gov/detailed-facility-report?fid=110009691244,FL2164617,2014,FL,Florida,4,NTNCWS,OLD CASTLE PRECAST,JACKSONVILLE,FL,GW,N,Very Small,25
70,OLDCASTLE PRECAST INC.,30.38022,-81.74084,http://echo.epa.gov/detailed-facility-report?fid=110009691244,FL2164617,2013,FL,Florida,4,NTNCWS,OLD CASTLE PRECAST,JACKSONVILLE,FL,GW,N,Very Small,25
71,OLDCASTLE PRECAST INC.,30.38022,-81.74084,http://echo.epa.gov/detailed-facility-report?fid=110009691244,FL2164617,2012,FL,Florida,4,NTNCWS,OLD CASTLE PRECAST,JACKSONVILLE,FL,GW,N,Very Small,25
72,OLDCASTLE PRECAST INC.,30.38022,-81.74084,http://echo.epa.gov/detailed-facility-report?fid=110009691244,FL2164617,2011,FL,Florida,4,NTNCWS,OLD CASTLE PRECAST,JACKSONVILLE,FL,GW,N,Very Small,25
73,OLDCASTLE PRECAST INC.,30.38022,-81.74084,http://echo.epa.gov/detailed-facility-report?fid=110009691244,FL2164617,2017,FL,Florida,4,NTNCWS,OLD CASTLE PRECAST,JACKSONVILLE,FL,GW,N,Very Small,29
74,OLDCASTLE PRECAST INC.,30.38022,-81.74084,http://echo.epa.gov/detailed-facility-report?fid=110009691244,FL2164617,2018,FL,Florida,4,NTNCWS,OLD CASTLE PRECAST,JACKSONVILLE,FL,GW,N,Very Small,29
75,OLDCASTLE PRECAST INC.,30.38022,-81.74084,http://echo.epa.gov/detailed-facility-report?fid=110009691244,FL2164617,2015,FL,Florida,4,NTNCWS,OLD CASTLE PRECAST,JACKSONVILLE,FL,GW,N,Very Small,25
76,OLDCASTLE PRECAST INC.,30.38022,-81.74084,http://echo.epa.gov/detailed-facility-report?fid=110009691244,FL2164617,2020,FL,Florida,4,NTNCWS,OLD CASTLE PRECAST,JACKSONVILLE,FL,GW,N,Very Small,29
77,WRIGHTWOOD APARTMENTS,29.640520000000002,-81.67886,http://echo.epa.gov/detailed-facility-report?fid=110013195032,FL2540225,2011,FL,Florida,4,CWS,WRIGHTWOOD APARTMENTS,PALATKA,FL,GW,N,Very Small,25
78,R. C. WILLIS WTP (CITY OF PALATKA),29.6525,-81.681667,http://echo.epa.gov/detailed-facility-report?fid=110000509762,FL2544260,2014,FL,Florida,4,CWS,R. C. WILLIS WTP (CITY OF PALATKA),PALATKA,FL,GW,N,Large,11900
79,R. C. WILLIS WTP (CITY OF PALATKA),29.6525,-81.681667,http://echo.epa.gov/detailed-facility-report?fid=110000509762,FL2544260,2013,FL,Florida,4,CWS,R. C. WILLIS WTP (CITY OF PALATKA),PALATKA,FL,GW,N,Large,11900
80,R. C. WILLIS WTP (CITY OF PALATKA),29.6525,-81.681667,http://echo.epa.gov/detailed-facility-report?fid=110000509762,FL2544260,2012,FL,Florida,4,CWS,R. C. WILLIS WTP (CITY OF PALATKA),PALATKA,FL,GW,N,Large,11900
81,R. C. WILLIS WTP (CITY OF PALATKA),29.6525,-81.681667,http://echo.epa.gov/detailed-facility-report?fid=110000509762,FL2544260,2011,FL,Florida,4,CWS,R. C. WILLIS WTP (CITY OF PALATKA),PALATKA,FL,GW,N,Large,11900
82,R. C. WILLIS WTP (CITY OF PALATKA),29.6525,-81.681667,http://echo.epa.gov/detailed-facility-report?fid=110000509762,FL2544260,2015,FL,Florida,4,CWS,R. C. WILLIS WTP (CITY OF PALATKA),PALATKA,FL,GW,N,Large,11900
83,R. C. WILLIS WTP (CITY OF PALATKA),29.6525,-81.681667,http://echo.epa.gov/detailed-facility-report?fid=110000509762,FL2544260,2018,FL,Florida,4,CWS,R. C. WILLIS WTP (CITY OF PALATKA),PALATKA,FL,GW,N,Large,11900
84,R. C. WILLIS WTP (CITY OF PALATKA),29.6525,-81.681667,http://echo.epa.gov/detailed-facility-report?fid=110000509762,FL2544260,2016,FL,Florida,4,CWS,R. C. WILLIS WTP (CITY OF PALATKA),PALATKA,FL,GW,N,Large,11900
85,R. C. WILLIS WTP (CITY OF PALATKA),29.6525,-81.681667,http://echo.epa.gov/detailed-facility-report?fid=110000509762,FL2544260,2020,FL,Florida,4,CWS,R. C. WILLIS WTP (CITY OF PALATKA),PALATKA,FL,GW,N,Large,11900
86,R. C. WILLIS WTP (CITY OF PALATKA),29.6525,-81.681667,http://echo.epa.gov/detailed-facility-report?fid=110000509762,FL2544260,2019,FL,Florida,4,CWS,R. C. WILLIS WTP (CITY OF PALATKA),PALATKA,FL,GW,N,Large,11900
87,R. C. WILLIS WTP (CITY OF PALATKA),29.6525,-81.681667,http://echo.epa.gov/detailed-facility-report?fid=110000509762,FL2544260,2017,FL,Florida,4,CWS,R. C. WILLIS WTP (CITY OF PALATKA),PALATKA,FL,GW,N,Large,11900
88,COUNTRY SQUIRE MOBILE HOME PK,28.99248,-81.53888,http://echo.epa.gov/detailed-facility-report?fid=110013195808,FL3350249,2017,FL,Florida,4,CWS,COUNTRY SQUIRE MOBILE HOME PK,PAISLEY,FL,GW,N,Very Small,240
89,COUNTRY SQUIRE MOBILE HOME PK,28.99248,-81.53888,http://echo.epa.gov/detailed-facility-report?fid=110013195808,FL3350249,2014,FL,Florida,4,CWS,COUNTRY SQUIRE MOBILE HOME PK,PAISLEY,FL,GW,N,Very Small,240
90,COUNTRY SQUIRE MOBILE HOME PK,28.99248,-81.53888,http://echo.epa.gov/detailed-facility-report?fid=110013195808,FL3350249,2013,FL,Florida,4,CWS,COUNTRY SQUIRE MOBILE HOME PK,PAISLEY,FL,GW,N,Very Small,240
91,COUNTRY SQUIRE MOBILE HOME PK,28.99248,-81.53888,http://echo.epa.gov/detailed-facility-report?fid=110013195808,FL3350249,2012,FL,Florida,4,CWS,COUNTRY SQUIRE MOBILE HOME PK,PAISLEY,FL,GW,N,Very Small,240
92,COUNTRY SQUIRE MOBILE HOME PK,28.99248,-81.53888,http://echo.epa.gov/detailed-facility-report?fid=110013195808,FL3350249,2011,FL,Florida,4,CWS,COUNTRY SQUIRE MOBILE HOME PK,PAISLEY,FL,GW,N,Very Small,240
93,COUNTRY SQUIRE MOBILE HOME PK,28.99248,-81.53888,http://echo.epa.gov/detailed-facility-report?fid=110013195808,FL3350249,2020,FL,Florida,4,CWS,COUNTRY SQUIRE MOBILE HOME PK,PAISLEY,FL,GW,N,Very Small,240
94,COUNTRY SQUIRE MOBILE HOME PK,28.99248,-81.53888,http://echo.epa.gov/detailed-facility-report?fid=110013195808,FL3350249,2019,FL,Florida,4,CWS,COUNTRY SQUIRE MOBILE HOME PK,PAISLEY,FL,GW,N,Very Small,240
95,COUNTRY SQUIRE MOBILE HOME PK,28.99248,-81.53888,http://echo.epa.gov/detailed-facility-report?fid=110013195808,FL3350249,2018,FL,Florida,4,CWS,COUNTRY SQUIRE MOBILE HOME PK,PAISLEY,FL,GW,N,Very Small,240
96,COUNTRY SQUIRE MOBILE HOME PK,28.99248,-81.53888,http://echo.epa.gov/detailed-facility-report?fid=110013195808,FL3350249,2015,FL,Florida,4,CWS,COUNTRY SQUIRE MOBILE HOME PK,PAISLEY,FL,GW,N,Very Small,240
97,COUNTRY SQUIRE MOBILE HOME PK,28.99248,-81.53888,http://echo.epa.gov/detailed-facility-report?fid=110013195808,FL3350249,2016,FL,Florida,4,CWS,COUNTRY SQUIRE MOBILE HOME PK,PAISLEY,FL,GW,N,Very Small,240
98,BLACK BEAR RESERVE,28.8781,-81.55634,http://echo.epa.gov/detailed-facility-report?fid=110013196978,FL3354938,2020,FL,Florida,4,CWS,BLACK BEAR RESERVE,EUSTIS,FL,GW,N,Small,625
99,BLACK BEAR RESERVE,28.8781,-81.55634,http://echo.epa.gov/detailed-facility-report?fid=110013196978,FL3354938,2016,FL,Florida,4,CWS,BLACK BEAR RESERVE,EUSTIS,FL,GW,N,Small,625
100,BLACK BEAR RESERVE,28.8781,-81.55634,http://echo.epa.gov/detailed-facility-report?fid=110013196978,FL3354938,2019,FL,Florida,4,CWS,BLACK BEAR RESERVE,EUSTIS,FL,GW,N,Small,625
101,BLACK BEAR RESERVE,28.8781,-81.55634,http://echo.epa.gov/detailed-facility-report?fid=110013196978,FL3354938,2018,FL,Florida,4,CWS,BLACK BEAR RESERVE,EUSTIS,FL,GW,N,Small,625
102,BLACK BEAR RESERVE,28.8781,-81.55634,http://echo.epa.gov/detailed-facility-report?fid=110013196978,FL3354938,2017,FL,Florida,4,CWS,BLACK BEAR RESERVE,EUSTIS,FL,GW,N,Small,625
103,BLACK BEAR RESERVE,28.8781,-81.55634,http://echo.epa.gov/detailed-facility-report?fid=110013196978,FL3354938,2014,FL,Florida,4,CWS,BLACK BEAR RESERVE,EUSTIS,FL,GW,N,Small,625
104,BLACK BEAR RESERVE,28.8781,-81.55634,http://echo.epa.gov/detailed-facility-report?fid=110013196978,FL3354938,2013,FL,Florida,4,CWS,BLACK BEAR RESERVE,EUSTIS,FL,GW,N,Small,625
105,BLACK BEAR RESERVE,28.8781,-81.55634,http://echo.epa.gov/detailed-facility-report?fid=110013196978,FL3354938,2012,FL,Florida,4,CWS,BLACK BEAR RESERVE,EUSTIS,FL,GW,N,Small,625
106,BLACK BEAR RESERVE,28.8781,-81.55634,http://echo.epa.gov/detailed-facility-report?fid=110013196978,FL3354938,2011,FL,Florida,4,CWS,BLACK BEAR RESERVE,EUSTIS,FL,GW,N,Small,625
107,BLACK BEAR RESERVE,28.8781,-81.55634,http://echo.epa.gov/detailed-facility-report?fid=110013196978,FL3354938,2015,FL,Florida,4,CWS,BLACK BEAR RESERVE,EUSTIS,FL,GW,N,Small,625
108,BRIGHTWOOD MANOR MHP,28.75737,-81.52559000000002,http://echo.epa.gov/detailed-facility-report?fid=110012913311,FL3480114,2015,FL,Florida,4,CWS,BRIGHTWOOD MANOR MHP,APOPKA,FL,GW,N,Very Small,420
109,BRIGHTWOOD MANOR MHP,28.75737,-81.52559000000002,http://echo.epa.gov/detailed-facility-report?fid=110012913311,FL3480114,2018,FL,Florida,4,CWS,BRIGHTWOOD MANOR MHP,APOPKA,FL,GW,N,Very Small,420
110,BRIGHTWOOD MANOR MHP,28.75737,-81.52559000000002,http://echo.epa.gov/detailed-facility-report?fid=110012913311,FL3480114,2019,FL,Florida,4,CWS,BRIGHTWOOD MANOR MHP,APOPKA,FL,GW,N,Very Small,420
111,BRIGHTWOOD MANOR MHP,28.75737,-81.52559000000002,http://echo.epa.gov/detailed-facility-report?fid=110012913311,FL3480114,2014,FL,Florida,4,CWS,BRIGHTWOOD MANOR MHP,APOPKA,FL,GW,N,Very Small,420
112,BRIGHTWOOD MANOR MHP,28.75737,-81.52559000000002,http://echo.epa.gov/detailed-facility-report?fid=110012913311,FL3480114,2013,FL,Florida,4,CWS,BRIGHTWOOD MANOR MHP,APOPKA,FL,GW,N,Very Small,420
113,BRIGHTWOOD MANOR MHP,28.75737,-81.52559000000002,http://echo.epa.gov/detailed-facility-report?fid=110012913311,FL3480114,2012,FL,Florida,4,CWS,BRIGHTWOOD MANOR MHP,APOPKA,FL,GW,N,Very Small,420
114,BRIGHTWOOD MANOR MHP,28.75737,-81.52559000000002,http://echo.epa.gov/detailed-facility-report?fid=110012913311,FL3480114,2011,FL,Florida,4,CWS,BRIGHTWOOD MANOR MHP,APOPKA,FL,GW,N,Very Small,420
115,BRIGHTWOOD MANOR MHP,28.75737,-81.52559000000002,http://echo.epa.gov/detailed-facility-report?fid=110012913311,FL3480114,2017,FL,Florida,4,CWS,BRIGHTWOOD MANOR MHP,APOPKA,FL,GW,N,Very Small,420
116,BRIGHTWOOD MANOR MHP,28.75737,-81.52559000000002,http://echo.epa.gov/detailed-facility-report?fid=110012913311,FL3480114,2016,FL,Florida,4,CWS,BRIGHTWOOD MANOR MHP,APOPKA,FL,GW,N,Very Small,420
117,BRIGHTWOOD MANOR MHP,28.75737,-81.52559000000002,http://echo.epa.gov/detailed-facility-report?fid=110012913311,FL3480114,2020,FL,Florida,4,CWS,BRIGHTWOOD MANOR MHP,APOPKA,FL,GW,N,Very Small,420
118,"VALLEY MHP, THE",28.75817,-81.59325,http://echo.epa.gov/detailed-facility-report?fid=110012909175,FL3480502,2014,FL,Florida,4,CWS,"VALLEY MHP, THE",APOPKA,FL,GW,N,Very Small,239
119,"VALLEY MHP, THE",28.75817,-81.59325,http://echo.epa.gov/detailed-facility-report?fid=110012909175,FL3480502,2013,FL,Florida,4,CWS,"VALLEY MHP, THE",APOPKA,FL,GW,N,Very Small,239
120,"VALLEY MHP, THE",28.75817,-81.59325,http://echo.epa.gov/detailed-facility-report?fid=110012909175,FL3480502,2012,FL,Florida,4,CWS,"VALLEY MHP, THE",APOPKA,FL,GW,N,Very Small,239
121,"VALLEY MHP, THE",28.75817,-81.59325,http://echo.epa.gov/detailed-facility-report?fid=110012909175,FL3480502,2011,FL,Florida,4,CWS,"VALLEY MHP, THE",APOPKA,FL,GW,N,Very Small,239
122,"VALLEY MHP, THE",28.75817,-81.59325,http://echo.epa.gov/detailed-facility-report?fid=110012909175,FL3480502,2020,FL,Florida,4,CWS,"VALLEY MHP, THE",APOPKA,FL,GW,N,Very Small,98
123,"VALLEY MHP, THE",28.75817,-81.59325,http://echo.epa.gov/detailed-facility-report?fid=110012909175,FL3480502,2018,FL,Florida,4,CWS,"VALLEY MHP, THE",APOPKA,FL,GW,N,Very Small,239
124,"VALLEY MHP, THE",28.75817,-81.59325,http://echo.epa.gov/detailed-facility-report?fid=110012909175,FL3480502,2016,FL,Florida,4,CWS,"VALLEY MHP, THE",APOPKA,FL,GW,N,Very Small,239
125,"VALLEY MHP, THE",28.75817,-81.59325,http://echo.epa.gov/detailed-facility-report?fid=110012909175,FL3480502,2017,FL,Florida,4,CWS,"VALLEY MHP, THE",APOPKA,FL,GW,N,Very Small,239
126,"VALLEY MHP, THE",28.75817,-81.59325,http://echo.epa.gov/detailed-facility-report?fid=110012909175,FL3480502,2015,FL,Florida,4,CWS,"VALLEY MHP, THE",APOPKA,FL,GW,N,Very Small,239
127,"VALLEY MHP, THE",28.75817,-81.59325,http://echo.epa.gov/detailed-facility-report?fid=110012909175,FL3480502,2019,FL,Florida,4,CWS,"VALLEY MHP, THE",APOPKA,FL,GW,N,Very Small,98
128,VALENCIA ESTATES MHP,28.686958,-81.54393,http://echo.epa.gov/detailed-facility-report?fid=110012910127,FL3481420,2014,FL,Florida,4,CWS,VALENCIA ESTATES MHP,APOPKA,FL,GW,N,Very Small,305
129,VALENCIA ESTATES MHP,28.686958,-81.54393,http://echo.epa.gov/detailed-facility-report?fid=110012910127,FL3481420,2013,FL,Florida,4,CWS,VALENCIA ESTATES MHP,APOPKA,FL,GW,N,Very Small,305
130,VALENCIA ESTATES MHP,28.686958,-81.54393,http://echo.epa.gov/detailed-facility-report?fid=110012910127,FL3481420,2012,FL,Florida,4,CWS,VALENCIA ESTATES MHP,APOPKA,FL,GW,N,Very Small,305
131,VALENCIA ESTATES MHP,28.686958,-81.54393,http://echo.epa.gov/detailed-facility-report?fid=110012910127,FL3481420,2011,FL,Florida,4,CWS,VALENCIA ESTATES MHP,APOPKA,FL,GW,N,Very Small,305
132,VALENCIA ESTATES MHP,28.686958,-81.54393,http://echo.epa.gov/detailed-facility-report?fid=110012910127,FL3481420,2018,FL,Florida,4,CWS,VALENCIA ESTATES MHP,APOPKA,FL,GW,N,Very Small,305
133,VALENCIA ESTATES MHP,28.686958,-81.54393,http://echo.epa.gov/detailed-facility-report?fid=110012910127,FL3481420,2017,FL,Florida,4,CWS,VALENCIA ESTATES MHP,APOPKA,FL,GW,N,Very Small,305
134,VALENCIA ESTATES MHP,28.686958,-81.54393,http://echo.epa.gov/detailed-facility-report?fid=110012910127,FL3481420,2019,FL,Florida,4,CWS,VALENCIA ESTATES MHP,APOPKA,FL,GW,N,Very Small,305
135,VALENCIA ESTATES MHP,28.686958,-81.54393,http://echo.epa.gov/detailed-facility-report?fid=110012910127,FL3481420,2020,FL,Florida,4,CWS,VALENCIA ESTATES MHP,APOPKA,FL,GW,N,Very Small,305
136,VALENCIA ESTATES MHP,28.686958,-81.54393,http://echo.epa.gov/detailed-facility-report?fid=110012910127,FL3481420,2016,FL,Florida,4,CWS,VALENCIA ESTATES MHP,APOPKA,FL,GW,N,Very Small,305
137,VALENCIA ESTATES MHP,28.686958,-81.54393,http://echo.epa.gov/detailed-facility-report?fid=110012910127,FL3481420,2015,FL,Florida,4,CWS,VALENCIA ESTATES MHP,APOPKA,FL,GW,N,Very Small,305
138,ZELLWOOD STATION WWTF,28.713272999999997,-81.58319300000002,http://echo.epa.gov/detailed-facility-report?fid=110012912633,FL3481506,2017,FL,Florida,4,CWS,ZELLWOOD STATION (CONSEC),ZELLWOOD,FL,GW,N,Small,2571
139,ZELLWOOD STATION WWTF,28.713272999999997,-81.58319300000002,http://echo.epa.gov/detailed-facility-report?fid=110012912633,FL3481506,2020,FL,Florida,4,CWS,ZELLWOOD STATION (CONSEC),ZELLWOOD,FL,GW,N,Small,2571
140,ZELLWOOD STATION WWTF,28.713272999999997,-81.58319300000002,http://echo.epa.gov/detailed-facility-report?fid=110012912633,FL3481506,2015,FL,Florida,4,CWS,ZELLWOOD STATION (CONSEC),ZELLWOOD,FL,GW,N,Small,2571
141,ZELLWOOD STATION WWTF,28.713272999999997,-81.58319300000002,http://echo.epa.gov/detailed-facility-report?fid=110012912633,FL3481506,2016,FL,Florida,4,CWS,ZELLWOOD STATION (CONSEC),ZELLWOOD,FL,GW,N,Small,2571
142,ZELLWOOD STATION WWTF,28.713272999999997,-81.58319300000002,http://echo.epa.gov/detailed-facility-report?fid=110012912633,FL3481506,2018,FL,Florida,4,CWS,ZELLWOOD STATION (CONSEC),ZELLWOOD,FL,GW,N,Small,2571
143,ZELLWOOD STATION WWTF,28.713272999999997,-81.58319300000002,http://echo.epa.gov/detailed-facility-report?fid=110012912633,FL3481506,2019,FL,Florida,4,CWS,ZELLWOOD STATION (CONSEC),ZELLWOOD,FL,GW,N,Small,2571
144,ZELLWOOD STATION WWTF,28.713272999999997,-81.58319300000002,http://echo.epa.gov/detailed-facility-report?fid=110012912633,FL3481506,2014,FL,Florida,4,CWS,ZELLWOOD STATION (CONSEC),ZELLWOOD,FL,GW,N,Small,2571
145,ZELLWOOD STATION WWTF,28.713272999999997,-81.58319300000002,http://echo.epa.gov/detailed-facility-report?fid=110012912633,FL3481506,2013,FL,Florida,4,CWS,ZELLWOOD STATION (CONSEC),ZELLWOOD,FL,GW,N,Small,2571
146,ZELLWOOD STATION WWTF,28.713272999999997,-81.58319300000002,http://echo.epa.gov/detailed-facility-report?fid=110012912633,FL3481506,2012,FL,Florida,4,CWS,ZELLWOOD STATION (CONSEC),ZELLWOOD,FL,GW,N,Small,2571
147,ZELLWOOD STATION WWTF,28.713272999999997,-81.58319300000002,http://echo.epa.gov/detailed-facility-report?fid=110012912633,FL3481506,2011,FL,Florida,4,CWS,ZELLWOOD STATION (CONSEC),ZELLWOOD,FL,GW,N,Small,2571
148,ZELLWOOD WATER USERS INC. (2 WPS),28.731023999999998,-81.60426,http://echo.epa.gov/detailed-facility-report?fid=110012912651,FL3481507,2017,FL,Florida,4,CWS,ZELLWOOD WATER USERS INC. (2 WPS),ZELLWOOD,FL,GW,N,Small,1257
149,ZELLWOOD WATER USERS INC. (2 WPS),28.731023999999998,-81.60426,http://echo.epa.gov/detailed-facility-report?fid=110012912651,FL3481507,2020,FL,Florida,4,CWS,ZELLWOOD WATER USERS INC. (2 WPS),ZELLWOOD,FL,GW,N,Small,1257
150,ZELLWOOD WATER USERS INC. (2 WPS),28.731023999999998,-81.60426,http://echo.epa.gov/detailed-facility-report?fid=110012912651,FL3481507,2015,FL,Florida,4,CWS,ZELLWOOD WATER USERS INC. (2 WPS),ZELLWOOD,FL,GW,N,Small,1257
151,ZELLWOOD WATER USERS INC. (2 WPS),28.731023999999998,-81.60426,http://echo.epa.gov/detailed-facility-report?fid=110012912651,FL3481507,2016,FL,Florida,4,CWS,ZELLWOOD WATER USERS INC. (2 WPS),ZELLWOOD,FL,GW,N,Small,1257
152,ZELLWOOD WATER USERS INC. (2 WPS),28.731023999999998,-81.60426,http://echo.epa.gov/detailed-facility-report?fid=110012912651,FL3481507,2018,FL,Florida,4,CWS,ZELLWOOD WATER USERS INC. (2 WPS),ZELLWOOD,FL,GW,N,Small,1257
153,ZELLWOOD WATER USERS INC. (2 WPS),28.731023999999998,-81.60426,http://echo.epa.gov/detailed-facility-report?fid=110012912651,FL3481507,2019,FL,Florida,4,CWS,ZELLWOOD WATER USERS INC. (2 WPS),ZELLWOOD,FL,GW,N,Small,1257
154,ZELLWOOD WATER USERS INC. (2 WPS),28.731023999999998,-81.60426,http://echo.epa.gov/detailed-facility-report?fid=110012912651,FL3481507,2014,FL,Florida,4,CWS,ZELLWOOD WATER USERS INC. (2 WPS),ZELLWOOD,FL,GW,N,Small,1257
155,ZELLWOOD WATER USERS INC. (2 WPS),28.731023999999998,-81.60426,http://echo.epa.gov/detailed-facility-report?fid=110012912651,FL3481507,2013,FL,Florida,4,CWS,ZELLWOOD WATER USERS INC. (2 WPS),ZELLWOOD,FL,GW,N,Small,1257
156,ZELLWOOD WATER USERS INC. (2 WPS),28.731023999999998,-81.60426,http://echo.epa.gov/detailed-facility-report?fid=110012912651,FL3481507,2012,FL,Florida,4,CWS,ZELLWOOD WATER USERS INC. (2 WPS),ZELLWOOD,FL,GW,N,Small,1257
157,ZELLWOOD WATER USERS INC. (2 WPS),28.731023999999998,-81.60426,http://echo.epa.gov/detailed-facility-report?fid=110012912651,FL3481507,2011,FL,Florida,4,CWS,ZELLWOOD WATER USERS INC. (2 WPS),ZELLWOOD,FL,GW,N,Small,1257
